,Compound,Date,Negative,Neutral,Positive,Station,Tweet_Counter,Tweets
0,0.0,Sat Mar 24 06:53:52 +0000 2018,0.0,1.0,0.0,@BBCWorld,1,Flying firsts: Aviation milestones throughout history https://t.co/J9zDHuYX0N
1,0.0,Sat Mar 24 05:18:00 +0000 2018,0.0,1.0,0.0,@BBCWorld,2,French police 'hero' dies of wounds https://t.co/YSbuGpp1Ak
2,-0.4019,Sat Mar 24 05:02:57 +0000 2018,0.278,0.722,0.0,@BBCWorld,3,Spain Catalonia: Clashes after separatist leaders detained https://t.co/hLjSHB4p6h
3,-0.3818,Sat Mar 24 03:37:39 +0000 2018,0.342,0.658,0.0,@BBCWorld,4,Skripal 'regretted being double agent' https://t.co/Ww2j5edjQ9
4,0.0,Sat Mar 24 02:17:19 +0000 2018,0.0,1.0,0.0,@BBCWorld,5,The woman who brought skull watches back to life https://t.co/Yxqo5rAGS0
5,0.0,Sat Mar 24 02:01:47 +0000 2018,0.0,1.0,0.0,@BBCWorld,6,Florida school shooting: Pennsylvania students get stones https://t.co/ThoAdwfhm9
6,0.0,Sat Mar 24 01:22:13 +0000 2018,0.0,1.0,0.0,@BBCWorld,7,DR Congo to shun its own donor conference in Geneva https://t.co/6tWXBWJswy
7,0.0,Sat Mar 24 00:42:53 +0000 2018,0.0,1.0,0.0,@BBCWorld,8,A day in the life of India's 'tuberculosis warrior' https://t.co/qKasSZiTEt
8,0.0,Sat Mar 24 00:39:01 +0000 2018,0.0,1.0,0.0,@BBCWorld,9,The evolution of UK-Australia travel into a single flight https://t.co/QsjDxpu78F
9,-0.5994,Fri Mar 23 23:33:03 +0000 2018,0.302,0.698,0.0,@BBCWorld,10,Hamelin Bay: Nearly 150 beached whales die in Australia https://t.co/d0q7VWYwdG
10,0.0,Fri Mar 23 22:18:47 +0000 2018,0.0,1.0,0.0,@BBCWorld,11,Eye-witness says French hostage-taker ran after him https://t.co/XtdbTZYvTs
11,-0.8271,Fri Mar 23 21:59:00 +0000 2018,0.251,0.749,0.0,@BBCWorld,12,RT @BBCNews: A look at the war of words between the UK and Russia following the poisoning of an ex-spy and his daughter in Salisbury https:…
12,-0.5994,Fri Mar 23 21:48:32 +0000 2018,0.234,0.766,0.0,@BBCWorld,13,"RT @bbcworldservice: Yemen's desperate mothers are abandoning their children says Yemeni doctor, Najla Al-Sonboli. Hear the full discussion…"
13,-0.3612,Fri Mar 23 21:14:42 +0000 2018,0.238,0.762,0.0,@BBCWorld,14,France shooting: Hostage swap officer 'fighting for life' https://t.co/usU0CHCEcl
14,-0.7783,Fri Mar 23 20:40:11 +0000 2018,0.576,0.424,0.0,@BBCWorld,15,Catalonia crisis: Five separatist leaders detained https://t.co/TGu0H0ALsJ
15,-0.8316,Fri Mar 23 20:26:03 +0000 2018,0.494,0.506,0.0,@BBCWorld,16,France hostage crisis: Moment police closed in on attacker https://t.co/sJmzNLg8Qa
16,-0.4939,Fri Mar 23 19:16:28 +0000 2018,0.262,0.738,0.0,@BBCWorld,17,Mother jailed in France for drowning five newborn babies https://t.co/xwuCrzaQ4L
17,0.0,Fri Mar 23 18:44:32 +0000 2018,0.0,1.0,0.0,@BBCWorld,18,"RT @BBCtrending: Guns, beer and cigarettes: here are the subreddits that are now gone... https://t.co/3QRxABlzGw"
18,0.0,Fri Mar 23 18:23:40 +0000 2018,0.0,1.0,0.0,@BBCWorld,19,Half of African species 'face extinction' https://t.co/EndEdlKO9r
19,0.0,Fri Mar 23 18:23:40 +0000 2018,0.0,1.0,0.0,@BBCWorld,20,Elon Musk pulls brands from Facebook https://t.co/4BxPvragQf
20,-0.5719,Fri Mar 23 16:37:49 +0000 2018,0.316,0.684,0.0,@BBCWorld,21,US sanctions Iranian hackers for 'stealing university data' https://t.co/UofiYoWgdq
21,-0.4939,Fri Mar 23 16:14:43 +0000 2018,0.286,0.714,0.0,@BBCWorld,22,Car bomb targets spectators at Afghanistan wrestling match https://t.co/rFwp2eal80
22,0.0,Fri Mar 23 15:37:32 +0000 2018,0.0,1.0,0.0,@BBCWorld,23,China cracks down on video parodies https://t.co/WcfEQBNjHp
23,-0.7579,Fri Mar 23 13:58:28 +0000 2018,0.52,0.48,0.0,@BBCWorld,24,France hostage crisis: Police shoot supermarket gunman https://t.co/Xu97Vw0Fa7
24,-0.34,Fri Mar 23 13:56:57 +0000 2018,0.112,0.888,0.0,@BBCWorld,25,"Donald Trump firing a senior member of his team isn't unusual these days, here's a reminder of who's gone so far… https://t.co/nnjyNW0ylC"
25,-0.3182,Fri Mar 23 13:43:24 +0000 2018,0.32,0.68,0.0,@BBCWorld,26,Poland abortion: Protests against bill imposing new limits https://t.co/MlRkwfNlcZ
26,-0.4588,Fri Mar 23 13:43:24 +0000 2018,0.273,0.727,0.0,@BBCWorld,27,"Reddit: Guns, beer and tobacco transactions now banned https://t.co/494E5Jzs83"
27,-0.8176,Fri Mar 23 13:09:12 +0000 2018,0.273,0.727,0.0,@BBCWorld,28,"RT @BBCBreaking: At least two people now feared dead in #Trèbes hostage situation, with three more wounded and situation ongoing - French I…"
28,-0.5574,Fri Mar 23 12:27:17 +0000 2018,0.34,0.66,0.0,@BBCWorld,29,"Trade wars, Trump tariffs and protectionism explained https://t.co/QGVvXn7PYp"
29,0.0,Fri Mar 23 12:14:43 +0000 2018,0.0,1.0,0.0,@BBCWorld,30,"#Trèbes: The latest reports from supermarket in France where gunman has taken hostages, with at least one person fe… https://t.co/ceX3HxZhdU"
30,0.0,Fri Mar 23 12:14:32 +0000 2018,0.0,1.0,0.0,@BBCWorld,31,Spanish police break up Nigerian sex trafficking gang https://t.co/swIBGLbYBd
31,0.0,Fri Mar 23 11:53:14 +0000 2018,0.0,1.0,0.0,@BBCWorld,32,Latest on the incident at  #Trèbes https://t.co/WagWE23s59 https://t.co/4B7XEHHBYc
32,0.5994,Fri Mar 23 11:47:04 +0000 2018,0.0,0.837,0.163,@BBCWorld,33,"RT @BBCBreaking: What we know so far about hostage situation in #Trèbes, France:

- Elite police surrounding Super U shop, gunman inside

-…"
33,-0.3182,Fri Mar 23 11:23:22 +0000 2018,0.099,0.901,0.0,@BBCWorld,34,"French media say the man had earlier fired shots at some policemen who were jogging, wounding one of them, but not… https://t.co/x8t9ahPnPT"
34,0.0,Fri Mar 23 11:00:28 +0000 2018,0.0,1.0,0.0,@BBCWorld,35,'Hostages taken' at French supermarket https://t.co/WagWE23s59
35,-0.55,Fri Mar 23 10:26:30 +0000 2018,0.245,0.669,0.086,@BBCWorld,36,"Orphaned and diasabled - meet seven-year-old Syrian boy Mustafa. His tragic life so far hasn't stopped him smiling
https://t.co/9uFG47mtsE"
36,0.34,Fri Mar 23 08:10:39 +0000 2018,0.0,0.789,0.211,@BBCWorld,37,John Bolton: Five things new Trump security adviser believes https://t.co/l094LLvukT
37,-0.2263,Fri Mar 23 07:44:51 +0000 2018,0.174,0.826,0.0,@BBCWorld,38,Stephon Clark: Protests over police shooting shut NBA arena https://t.co/1tBPzE7nB1
38,0.3182,Fri Mar 23 05:49:15 +0000 2018,0.0,0.813,0.187,@BBCWorld,39,US Congress passes huge spending bill ahead of shutdown deadline https://t.co/SATow9P80O
39,-0.296,Fri Mar 23 05:16:15 +0000 2018,0.216,0.784,0.0,@BBCWorld,40,Katie Brennan: Australia's AFL accused of gender discrimination https://t.co/0iML7WFsFD
40,0.0,Fri Mar 23 04:42:44 +0000 2018,0.297,0.473,0.23,@BBCWorld,41,The Rio protesters fighting for justice for Marielle Franco https://t.co/36LzJ0pnJT
41,0.0,Fri Mar 23 03:49:46 +0000 2018,0.0,1.0,0.0,@BBCWorld,42,"RT @BBCNewsAsia: South Korea has some of the longest working hours in the world.

So the local government in Seoul is introducing a new ini…"
42,0.2263,Fri Mar 23 02:30:38 +0000 2018,0.0,0.84,0.16,@BBCWorld,43,China considers possible tariffs on $3bn worth of US goods https://t.co/rbihRhq3po
43,0.5994,Fri Mar 23 02:05:15 +0000 2018,0.0,0.795,0.205,@BBCWorld,44,RT @BBCNewsAsia: Give a warm Twitter welcome to our new Myanmar correspondent Nick Beake @Beaking_News who will be starting in Yangon. http…
44,-0.5994,Fri Mar 23 01:49:37 +0000 2018,0.358,0.642,0.0,@BBCWorld,45,John Bolton: Bush-era war hawk makes comeback https://t.co/Ct1S4fMaPJ
45,0.0,Fri Mar 23 01:39:49 +0000 2018,0.0,1.0,0.0,@BBCWorld,46,Florida shooting: Why I'm marching on Washington DC https://t.co/Vsm9uGqmlr
46,0.0,Fri Mar 23 01:39:48 +0000 2018,0.0,1.0,0.0,@BBCWorld,47,The Walking Dead's make-up man on the art of gore https://t.co/1x0zyEKy3N
47,0.0,Fri Mar 23 01:04:55 +0000 2018,0.0,1.0,0.0,@BBCWorld,48,Africa's week in pictures: 16-22 March 2018 https://t.co/6uI5PtQY6t
48,0.0,Fri Mar 23 00:51:32 +0000 2018,0.0,1.0,0.0,@BBCWorld,49,Cate Blanchett meets Rohingya child refugees https://t.co/Jxul2zUJJX
49,-0.7964,Fri Mar 23 00:51:30 +0000 2018,0.536,0.464,0.0,@BBCWorld,50,Rosa Parks house: Dispute threatens bitter end to homecoming https://t.co/VuYFIDQQam
50,0.4588,Fri Mar 23 00:43:57 +0000 2018,0.0,0.75,0.25,@BBCWorld,51,Meet the disabled Syrian boy who is always smiling https://t.co/Gu7npqjxvn
51,0.0,Fri Mar 23 00:36:30 +0000 2018,0.0,1.0,0.0,@BBCWorld,52,How DNA can be used to store computer data https://t.co/1TZzKQkSPq
52,-0.34,Fri Mar 23 00:30:51 +0000 2018,0.231,0.769,0.0,@BBCWorld,53,Trump's cabinet: who's next for the firing line? https://t.co/XMtgxh8fTh
53,0.1779,Fri Mar 23 00:24:58 +0000 2018,0.0,0.746,0.254,@BBCWorld,54,Pacific garbage patch 'growing rapidly' https://t.co/YRQSyy5P4y
54,0.0,Fri Mar 23 00:24:58 +0000 2018,0.0,1.0,0.0,@BBCWorld,55,Toys R Us founder Charles Lazarus dies at 94 as his company folds https://t.co/W9A8JHp3BW
55,0.0,Fri Mar 23 00:24:58 +0000 2018,0.0,1.0,0.0,@BBCWorld,56,Origin of 'six-inch mummy' confirmed https://t.co/1OUXCDmQ4B
56,-0.6908,Thu Mar 22 22:44:19 +0000 2018,0.487,0.513,0.0,@BBCWorld,57,Syria war: Eastern Ghouta rebels announce ceasefire https://t.co/Thp46pBbPS
57,0.0,Thu Mar 22 22:34:29 +0000 2018,0.0,1.0,0.0,@BBCWorld,58,Trump replaces McMaster with Bolton https://t.co/KNg4GjKT86
58,-0.6705,Thu Mar 22 22:18:10 +0000 2018,0.224,0.776,0.0,@BBCWorld,59,At least half a million children are being affected by war in Ukraine's Donbass region. One woman is on a mission t… https://t.co/0DzONJuOHi
59,0.25,Thu Mar 22 21:46:45 +0000 2018,0.099,0.755,0.146,@BBCWorld,60,"The Islamic State group destroyed their library in Mosul, but these sisters are determined to rebuild it https://t.co/RdplMbDkBd"
60,0.128,Thu Mar 22 21:03:07 +0000 2018,0.0,0.842,0.158,@BBCWorld,61,Sex doll 'brothel': Xdolls escapes Paris council censure https://t.co/QZM1X7drDN
61,0.0,Thu Mar 22 19:15:59 +0000 2018,0.0,1.0,0.0,@BBCWorld,62,Kenya payout for mother made to deliver on hospital floor https://t.co/PkFKaUlP46
62,0.4973,Thu Mar 22 19:15:59 +0000 2018,0.0,0.624,0.376,@BBCWorld,63,Dapchi kidnap: Government 'will not abandon' lone hostage https://t.co/E0Ltn9dRMA
63,0.0,Thu Mar 22 18:20:44 +0000 2018,0.0,1.0,0.0,@BBCWorld,64,Meet SoFi - the soft robot fish developed by MIT https://t.co/cDDnAX7sT3
64,0.5106,Thu Mar 22 18:17:09 +0000 2018,0.0,0.602,0.398,@BBCWorld,65,Viral teacher's inspirational chalkboard PC https://t.co/T84VYR5KKp
65,0.0,Thu Mar 22 18:15:23 +0000 2018,0.0,1.0,0.0,@BBCWorld,66,RT @bbclaurak: Tusk - EU moving trade debate tomorrow because Trump tariff announcements only just coming through
66,0.0,Thu Mar 22 17:26:48 +0000 2018,0.0,1.0,0.0,@BBCWorld,67,Israeli man fined for urinating on memorial at Auschwitz https://t.co/97RyykWstx
67,0.34,Thu Mar 22 17:20:30 +0000 2018,0.0,0.893,0.107,@BBCWorld,68,"RT @BBCSport: Ireland have been handed a big 2019 World Cup lifeline.

Victory over Afghanistan on Friday will secure them a place.

? http…"
68,-0.5423,Thu Mar 22 16:59:39 +0000 2018,0.28,0.72,0.0,@BBCWorld,69,Police video shows fatal shooting of unarmed black man https://t.co/veNxSoMdLg
69,0.0,Thu Mar 22 16:15:47 +0000 2018,0.0,1.0,0.0,@BBCWorld,70,EU and six other countries exempted from US metals tariffs https://t.co/IGSIUW3XDz
70,-0.128,Thu Mar 22 15:50:31 +0000 2018,0.207,0.631,0.162,@BBCWorld,71,Donald Trump's top Russia lawyer John Dowd resigns https://t.co/zrhg8tuw8u
71,0.0,Thu Mar 22 15:40:24 +0000 2018,0.0,1.0,0.0,@BBCWorld,72,"Skating Lake Baikal, the world's deepest lake https://t.co/fLp0IU6jdw"
72,0.0,Thu Mar 22 14:55:08 +0000 2018,0.0,1.0,0.0,@BBCWorld,73,Cambridge Analytica taken to court over data storage https://t.co/98vGGTl7Tk
73,-0.6705,Thu Mar 22 14:54:46 +0000 2018,0.29,0.539,0.172,@BBCWorld,74,"Serving six years for killing her abusive ex-partner, Gloria Chochi is hoping for a rare pardon from the Spanish pr… https://t.co/Swu1dEgJ3g"
74,0.1779,Thu Mar 22 14:33:39 +0000 2018,0.215,0.519,0.267,@BBCWorld,75,Ukraine arrests pilot hero Savchenko over 'coup plot' https://t.co/5VQbpFkHDM
75,-0.5106,Thu Mar 22 14:27:54 +0000 2018,0.248,0.752,0.0,@BBCWorld,76,Dapchi kidnap: Nigerian father's pain as daughter flies to Abuja https://t.co/5ffmh4kEY1
76,-0.7184,Thu Mar 22 14:22:27 +0000 2018,0.5,0.5,0.0,@BBCWorld,77,YouTube gun ban drives bloggers to PornHub https://t.co/TCcECpXlER
77,0.0,Thu Mar 22 14:17:41 +0000 2018,0.0,1.0,0.0,@BBCWorld,78,Dutch parliament halted as man jumps from public gallery https://t.co/tZaUQxIvNu
78,0.0,Thu Mar 22 14:17:41 +0000 2018,0.0,1.0,0.0,@BBCWorld,79,Cynthia Nixon and 10 other celebrities who entered politics https://t.co/kVGCHrgeZW
79,0.0,Thu Mar 22 13:49:56 +0000 2018,0.0,1.0,0.0,@BBCWorld,80,Nigerian girls tell of kidnap ordeal https://t.co/f4XspTaAp2
80,-0.6249,Thu Mar 22 13:37:39 +0000 2018,0.254,0.746,0.0,@BBCWorld,81,Meet Louis - the gorilla who walks upright to avoid getting his hands - or food - dirty. ??? https://t.co/tpZfzGhMc1
81,-0.1531,Thu Mar 22 13:37:10 +0000 2018,0.167,0.833,0.0,@BBCWorld,82,Miss Venezuela to close temporarily over corruption claims https://t.co/eMOQoeDbtc
82,0.0,Thu Mar 22 13:24:26 +0000 2018,0.0,1.0,0.0,@BBCWorld,83,Austria recalls diplomat from Israel over Nazi shirt https://t.co/NesdwRc0zN
83,0.4854,Thu Mar 22 13:21:44 +0000 2018,0.0,0.813,0.187,@BBCWorld,84,"RT @BBC_HaveYourSay: Iran Supreme Leader Ali Khamenei is telling his people to support Iranian products, but Twitter responds with a photo…"
84,-0.3182,Thu Mar 22 13:16:07 +0000 2018,0.247,0.753,0.0,@BBCWorld,85,Iranian officials mocked for using foreign products https://t.co/akjRMAbD9U
85,0.2263,Thu Mar 22 12:44:28 +0000 2018,0.0,0.808,0.192,@BBCWorld,86,Tennessee grants $1 million to wrongly convicted man https://t.co/2OVUvE0UEJ
86,-0.1779,Thu Mar 22 12:28:36 +0000 2018,0.141,0.743,0.115,@BBCWorld,87,"RT @BBCSteveR: Commenting on the Skripal poisoning, one Russian paper today resorts to black humour:
The phone rings in Downing Street. 
-…"
87,-0.296,Thu Mar 22 11:44:32 +0000 2018,0.167,0.833,0.0,@BBCWorld,88,South Korea to shut off computers to stop people working late https://t.co/EM7AtkXQNi
88,0.3818,Thu Mar 22 11:20:53 +0000 2018,0.0,0.776,0.224,@BBCWorld,89,Florida school shooting students told to wear clear backpacks https://t.co/MjGowxfchq
89,-0.6908,Thu Mar 22 10:59:32 +0000 2018,0.416,0.584,0.0,@BBCWorld,90,Syria war: Rebels 'begin leaving key Eastern Ghouta town' https://t.co/gQ0uQjCp3l
90,0.0,Thu Mar 22 10:37:31 +0000 2018,0.0,1.0,0.0,@BBCWorld,91,Deadly blast at Czech chemical plant https://t.co/LROFE8ejLO
91,-0.4549,Thu Mar 22 10:29:12 +0000 2018,0.271,0.729,0.0,@BBCWorld,92,Uber self-driving crash: Footage shows moment before impact https://t.co/sv38LCP7ot
92,-0.836,Thu Mar 22 09:54:21 +0000 2018,0.53,0.47,0.0,@BBCWorld,93,Freiburg murder: Afghan jailed for life in Germany https://t.co/cqkwAQbpXw
93,0.0,Thu Mar 22 09:50:00 +0000 2018,0.0,1.0,0.0,@BBCWorld,94,"Curiosity rover: 2,000 days on Mars https://t.co/ZZMhZadyeC"
94,0.0,Thu Mar 22 09:30:17 +0000 2018,0.0,1.0,0.0,@BBCWorld,95,Dutch referendum: Spy tapping powers vote too close to call https://t.co/uIuBfhiM7M
95,-0.836,Thu Mar 22 09:25:17 +0000 2018,0.53,0.47,0.0,@BBCWorld,96,Eleven jailed for life over India 'beef' murder https://t.co/jubZMnEFC6
96,0.0,Thu Mar 22 09:25:15 +0000 2018,0.0,1.0,0.0,@BBCWorld,97,UK passports 'to be made in France after Brexit' https://t.co/pw72XL471C
97,-0.6249,Thu Mar 22 09:25:15 +0000 2018,0.362,0.638,0.0,@BBCWorld,98,Rebel Wilson: Australia media firms fail in defamation case bid https://t.co/q9T71wtAMU
98,-0.5859,Thu Mar 22 09:25:15 +0000 2018,0.324,0.676,0.0,@BBCWorld,99,Theresa May to warn EU leaders of Russian threat to democracy https://t.co/JMRLEigKZL
99,0.0,Thu Mar 22 08:14:29 +0000 2018,0.0,1.0,0.0,@BBCWorld,100,Nicolas Sarkozy: French ex-president says funding probe is 'hell' https://t.co/NxfvEqARLh
100,-0.9042,Sat Mar 24 07:03:03 +0000 2018,0.583,0.417,0.0,@CBSNews,1,Man arrested for allegedly threatening to kill Virginia congressman https://t.co/BiR1Lgp3DN https://t.co/OJCU2kgjIO
101,-0.6597,Sat Mar 24 06:48:04 +0000 2018,0.31,0.69,0.0,@CBSNews,2,How a failing Atlanta school cut its student turnover rate by nearly half https://t.co/SVBBCsQRvK https://t.co/uwifNBFeDM
102,0.0,Sat Mar 24 06:33:06 +0000 2018,0.0,1.0,0.0,@CBSNews,3,"Deputy AG Rod Rosenstein announces indictment of Iranians for ""conspiring"" to hack U.S. entities… https://t.co/5EUjljsn0c"
103,0.6908,Sat Mar 24 06:18:06 +0000 2018,0.107,0.481,0.412,@CBSNews,4,"Sacramento Kings owner says team respects ""people's abilities to protest peacefully"" https://t.co/G10tgy56Hl https://t.co/qpSRXmfCz1"
104,-0.4767,Sat Mar 24 06:03:05 +0000 2018,0.237,0.763,0.0,@CBSNews,5,"Drugs laced with bug spray blamed for ""zombie""-like effects https://t.co/PoksxWAb6O https://t.co/sQqfjLpxM4"
105,0.0,Sat Mar 24 05:48:03 +0000 2018,0.0,1.0,0.0,@CBSNews,6,Greyhound bus passengers record mutiny after driver allegedly falls asleep https://t.co/lffKBBJNuz https://t.co/HNBjislaY2
106,0.0,Sat Mar 24 05:33:04 +0000 2018,0.0,1.0,0.0,@CBSNews,7,"After more than 150 whales were stranded on beach in Hamelin Bay in western Australia, only a few survive… https://t.co/uX9veszQ2L"
107,0.34,Sat Mar 24 05:18:07 +0000 2018,0.0,0.882,0.118,@CBSNews,8,Asia reacts to Pres. Trump's pick of hardliner John Bolton as the new White House national security adviser… https://t.co/AqYmA4hQzc
108,-0.7906,Sat Mar 24 05:03:04 +0000 2018,0.412,0.588,0.0,@CBSNews,9,Fort Bragg soldier shot dead in dispute with fellow soldier https://t.co/o0NweFRp5a https://t.co/SPlBG2cU89
109,0.4215,Sat Mar 24 04:48:03 +0000 2018,0.0,0.823,0.177,@CBSNews,10,"Las Vegas gunman showed ""true mark of a sociopath,"" retired police lieutenant says https://t.co/xoSJg4WvOz https://t.co/tV4EOXVFG8"
110,-0.3818,Sat Mar 24 04:33:04 +0000 2018,0.198,0.676,0.126,@CBSNews,11,Why do so many golden retrievers get cancer? One massive study hopes to find out https://t.co/BGNEtqFWft https://t.co/RIvVp617Xm
111,0.296,Sat Mar 24 04:18:07 +0000 2018,0.0,0.855,0.145,@CBSNews,12,Subway construction unearths treasure trove of fossils from Los Angeles' prehistoric past https://t.co/RuyOvmvSkr https://t.co/hATLcLxBKi
112,0.4019,Sat Mar 24 04:03:03 +0000 2018,0.0,0.856,0.144,@CBSNews,13,Former Pres. Jimmy Carter tells @CBSSunday that he's willing to help Pres. Trump on North Korea… https://t.co/3EKSgv8woE
113,-0.4404,Sat Mar 24 03:54:04 +0000 2018,0.172,0.828,0.0,@CBSNews,14,March Madness: Villanova holds off West Virginia to head to the Elite Eight https://t.co/4E1AdfQgrK https://t.co/j4iQhfJyif
114,-0.7003,Sat Mar 24 03:48:04 +0000 2018,0.309,0.691,0.0,@CBSNews,15,"Bombing suspect's roommate was kept in custody until after suspect died, mom says https://t.co/sEUJbHqMfh https://t.co/0PxfLk8zcg"
115,-0.4767,Sat Mar 24 03:33:05 +0000 2018,0.205,0.795,0.0,@CBSNews,16,"Stories about Trump replacing McMaster were ""fake news"" — until they weren't https://t.co/B8jqNQ5d5l https://t.co/2Hj0DPeOX0"
116,-0.8658,Sat Mar 24 03:26:06 +0000 2018,0.493,0.507,0.0,@CBSNews,17,"Travis AFB explosion: No known terror link in fiery van crash, FBI says https://t.co/T9g4nq7qJP https://t.co/RnKc026wFB"
117,-0.5574,Sat Mar 24 03:18:07 +0000 2018,0.205,0.795,0.0,@CBSNews,18,"St. Joseph’s student Mark Dombroski died in apparent fall in Bermuda, pathologist says https://t.co/UIl4RKyr0E https://t.co/hmAOxciXQ2"
118,-0.6908,Sat Mar 24 03:03:04 +0000 2018,0.251,0.749,0.0,@CBSNews,19,2 Alabama teens charged in overdose death after officials say they posted photos of the body on social media… https://t.co/a7gkZLyluw
119,0.0772,Sat Mar 24 03:00:15 +0000 2018,0.0,0.902,0.098,@CBSNews,20,"""I want receipts"": Cardi B goes viral asking about her tax dollars https://t.co/OknjqHXjZz https://t.co/v4ZuHtNjwj"
120,0.4215,Sat Mar 24 02:45:01 +0000 2018,0.0,0.859,0.141,@CBSNews,21,"Examining the limits of cheaper and easier at-home genetic tests, some of which cost less than $100… https://t.co/bUI11y3tyA"
121,0.3182,Sat Mar 24 02:25:01 +0000 2018,0.078,0.777,0.145,@CBSNews,22,"Craigslist takes personals section offline in the United States, after U.S. Senate passes anti-sex trafficking bill… https://t.co/UZYNHwzmvK"
122,0.0,Sat Mar 24 02:05:01 +0000 2018,0.0,1.0,0.0,@CBSNews,23,"CBS News documentary ""39 Days"" goes behind the scenes with Parkland students -- from the massacre to the march; wat… https://t.co/aRJtRvaCKL"
123,-0.6908,Sat Mar 24 01:45:03 +0000 2018,0.263,0.737,0.0,@CBSNews,24,Former water park executive charged with involuntary manslaughter in death of 10-year-old boy on giant waterslide i… https://t.co/7mD5ouGI0G
124,0.0,Sat Mar 24 01:25:01 +0000 2018,0.0,1.0,0.0,@CBSNews,25,"""The president talks more than any target of any investigation that I've ever participated in,"" Rep. Trey Gowdy say… https://t.co/QZwV14ZZWN"
125,-0.2263,Sat Mar 24 01:05:36 +0000 2018,0.095,0.905,0.0,@CBSNews,26,"Rapper Cardi B says she's being taxed 40 percent -- and in an impassioned Instagram video, she's demanding ""receipt… https://t.co/wv8yuetID5"
126,-0.1655,Sat Mar 24 00:45:00 +0000 2018,0.076,0.924,0.0,@CBSNews,27,"Jamarion Styles lost his hands as an infant, but as he sinks 3-point shots on the basketball court, he tells… https://t.co/HNN0aSK2qo"
127,-0.2732,Sat Mar 24 00:25:01 +0000 2018,0.146,0.751,0.103,@CBSNews,28,"Iranian hackers are stealing and ""taking credit"" for our work, FBI deputy director says, as nine are slapped with c… https://t.co/uF667lyGr5"
128,-0.4767,Sat Mar 24 00:05:01 +0000 2018,0.257,0.612,0.131,@CBSNews,29,"Police killing of 22-year-old Stephon Clark, who was unarmed, brought a second day of largely peaceful protests to… https://t.co/Eyf3VRs9g0"
129,-0.2263,Fri Mar 23 23:45:01 +0000 2018,0.095,0.905,0.0,@CBSNews,30,"Sheriff remains defiant amid claims that he turned an Alabama jail into his personal piggy bank, pocketing leftover… https://t.co/SP5MQE7MXQ"
130,0.4404,Fri Mar 23 23:25:00 +0000 2018,0.108,0.664,0.228,@CBSNews,31,"Earth is losing plants, animals and clean water at a dramatic rate, according to four new United Nations scientific… https://t.co/fxg0L7KFed"
131,0.0,Fri Mar 23 23:05:01 +0000 2018,0.0,1.0,0.0,@CBSNews,32,Philadelphia Eagles player Michael Bennett indicted for allegedly shoving paraplegic worker when he tried to get on… https://t.co/7qq0dAN96a
132,0.128,Fri Mar 23 23:02:27 +0000 2018,0.126,0.688,0.186,@CBSNews,33,"RT @CBSEveningNews: A basketball player may have had an unfair advantage over the competition--a bigger heart, and stronger will than anyon…"
133,-0.8658,Fri Mar 23 22:58:31 +0000 2018,0.303,0.697,0.0,@CBSNews,34,"After American family is found dead in vacation condo, the tragedy is the latest in a list of concerns about the sa… https://t.co/fvJLFeYLS1"
134,0.0,Fri Mar 23 22:56:13 +0000 2018,0.0,1.0,0.0,@CBSNews,35,"""As the sheriff pockets tax dollars, the median income in Etowah County is $40,000,"" CBS News' Mark Strassman repor… https://t.co/uF6sPdpvd4"
135,-0.1531,Fri Mar 23 22:54:05 +0000 2018,0.121,0.781,0.098,@CBSNews,36,"CBS News' Mark Strassman: ""Do you agree that the optics of this are terrible? 
Alabama sheriff who used more than $… https://t.co/O3r4kNsH7S"
136,0.0,Fri Mar 23 22:52:44 +0000 2018,0.0,1.0,0.0,@CBSNews,37,"""This is a jail -- this is not a bed and breakfast,"" says sheriff who purchased beach house with funds meant for in… https://t.co/O2z6xh50uV"
137,0.3182,Fri Mar 23 22:48:30 +0000 2018,0.0,0.897,0.103,@CBSNews,38,"""The original goal of #neveragain was to make one center where we could all be together and grieve,"" Stoneman Dougl… https://t.co/BhKEFSqsYZ"
138,-0.4939,Fri Mar 23 22:43:07 +0000 2018,0.198,0.802,0.0,@CBSNews,39,"Pres. Trump's ""protests ignored the fact the White House and Republicans who control Congress led negotiations on t… https://t.co/W6g1NMpGbD"
139,0.0,Fri Mar 23 22:41:31 +0000 2018,0.0,1.0,0.0,@CBSNews,40,"""Nine Iranian men now wanted by the FBI are allegedly the hackers for hire behind a massive cyber theft campaign ba… https://t.co/OrsAGVgG2g"
140,0.0,Fri Mar 23 22:39:31 +0000 2018,0.0,1.0,0.0,@CBSNews,41,"During Friday's supermarket standoff, the assailant ""let all the hostages go, except one woman he kept as a human s… https://t.co/mL2IsMtOd3"
141,-0.34,Fri Mar 23 22:36:31 +0000 2018,0.112,0.888,0.0,@CBSNews,42,"Stephon Clark was shot holding a cell phone, which police say they thought was a gun, CBS News' John Blackstone rep… https://t.co/efEDfevuGm"
142,0.4215,Fri Mar 23 22:34:21 +0000 2018,0.084,0.708,0.208,@CBSNews,43,"Protests continue in Sacramento, as marchers say they want justice after police officers shot a black man to death;… https://t.co/sURPUFoqM3"
143,0.4404,Fri Mar 23 22:31:29 +0000 2018,0.0,0.888,0.112,@CBSNews,44,"RT @CBSEveningNews: We’re on the air in the East. @JeffGlor is live from Studio 57 in NYC

Thanks for being with us #OriginalReporting #CBS…"
144,-0.0516,Fri Mar 23 22:25:00 +0000 2018,0.157,0.696,0.148,@CBSNews,45,"Department of Justice officially proposes a change to federal regulations to ban bump stock devices, AG Jeff Sessio… https://t.co/pSmfwlDOvG"
145,0.0,Fri Mar 23 22:05:01 +0000 2018,0.0,1.0,0.0,@CBSNews,46,Elon Musk joins #DeleteFacebook campaign that has expanded since it became known that Cambridge Analytica acquired… https://t.co/OeHmFhBEpj
146,0.0,Fri Mar 23 21:45:01 +0000 2018,0.0,1.0,0.0,@CBSNews,47,"Investigators are searching the London offices of Cambridge Analytica, the analytics firm at the center of the Face… https://t.co/OfzMC3u9pm"
147,-0.7964,Fri Mar 23 21:25:01 +0000 2018,0.272,0.728,0.0,@CBSNews,48,"Mounting fear of an incipient global trade war is sending stocks into a tailspin; on Friday, the Dow was down more… https://t.co/FxCXtCh7lj"
148,-0.3919,Fri Mar 23 21:05:01 +0000 2018,0.178,0.71,0.112,@CBSNews,49,Injuries that killed a Penn State fraternity pledge last year might not have been fatal if fraternity members had s… https://t.co/93eRRLJ4do
149,-0.8271,Fri Mar 23 20:45:05 +0000 2018,0.314,0.686,0.0,@CBSNews,50,"Family of four from Iowa found dead in Mexico after being reported missing, police say; there were no signs of foul… https://t.co/sdqF4eTWxr"
150,0.3182,Fri Mar 23 20:11:51 +0000 2018,0.0,0.887,0.113,@CBSNews,51,Cambridge Analytica's acting CEO has apologized for actions that led to 50 million Americans' personal data being m… https://t.co/FVT9KDW0pP
151,0.0,Fri Mar 23 19:40:52 +0000 2018,0.0,1.0,0.0,@CBSNews,52,"Ahead of Saturday's ""March for Our Lives,"" students at a Dallas high school walked out of their classrooms Friday i… https://t.co/UKzSrFPHcZ"
152,-0.7184,Fri Mar 23 19:10:01 +0000 2018,0.261,0.739,0.0,@CBSNews,53,"A teenage girl who was shot when a classmate opened fire inside their Maryland high school has died, authorities sa… https://t.co/z7Vldibepu"
153,0.6908,Fri Mar 23 18:50:01 +0000 2018,0.102,0.508,0.391,@CBSNews,54,"Sacramento Kings owner says the team respects ""people's abilities to protest peacefully"" https://t.co/u94evjlqxM https://t.co/NwLiGh5mrm"
154,0.0,Fri Mar 23 18:30:01 +0000 2018,0.0,1.0,0.0,@CBSNews,55,A French policeman was shot by a gunman Friday after swapping himself for a hostage in a siege at a supermarket… https://t.co/EjMQNOGlkP
155,0.0,Fri Mar 23 18:10:01 +0000 2018,0.0,1.0,0.0,@CBSNews,56,Elon Musk is the latest to jump on the #DeleteFacebook bandwagon -- the Facebook pages of SpaceX and Tesla have van… https://t.co/6bXVzsTiIC
156,-0.2617,Fri Mar 23 17:51:49 +0000 2018,0.102,0.898,0.0,@CBSNews,57,"""The president may say he's disappointed, but it reflects the exact negotiating position his White House took with… https://t.co/SEDvvX47VQ"
157,-0.1272,Fri Mar 23 17:49:34 +0000 2018,0.07,0.93,0.0,@CBSNews,58,"Pres. Trump: ""I looked very seriously at the veto. I was thinking about doing the veto, but because of the incredib… https://t.co/czIgSwL6gD"
158,-0.7774,Fri Mar 23 17:43:14 +0000 2018,0.285,0.715,0.0,@CBSNews,59,"Pres. Trump: ""While we're very disappointed in the $1.3 trillion, nobody more disappointed than me because the numb… https://t.co/vxddcqhLGa"
159,0.0258,Fri Mar 23 17:34:46 +0000 2018,0.0,0.948,0.052,@CBSNews,60,"""To prevent the omnibus situation from ever happening again, I'm calling on Congress to give me a line item veto fo… https://t.co/mSEAvfVk9j"
160,0.3612,Fri Mar 23 17:32:35 +0000 2018,0.0,0.898,0.102,@CBSNews,61,"Pres. Trump: ""I say to Congress, I will never sign another bill like this again. I'm not going to do it again. Nobo… https://t.co/EQ1T5g66k0"
161,0.3612,Fri Mar 23 17:31:48 +0000 2018,0.0,0.829,0.171,@CBSNews,62,"Pres. Trump: ""Therefore, as a matter of national security, I've signed this omnibus budget bill. There are a lot of… https://t.co/9EjJ3KkuaA"
162,0.4404,Fri Mar 23 17:30:26 +0000 2018,0.0,0.868,0.132,@CBSNews,63,"""My highest duty is to keep America safe, nothing more important,"" Pres. Trump says. ""The omnibus bill reverses thi… https://t.co/1k7ykc9psM"
163,-0.4357,Fri Mar 23 17:28:16 +0000 2018,0.12,0.88,0.0,@CBSNews,64,"Pres. Trump says ""we're going to get on to this ridiculous situation that took place over the last week,"" ahead of… https://t.co/cCG9CrMgms"
164,0.0085,Fri Mar 23 17:26:02 +0000 2018,0.149,0.701,0.15,@CBSNews,65,SPECIAL REPORT: Pres. Trump will sign $1.3 trillion omnibus spending bill after threatening to veto the measure… https://t.co/Llu8Q0etNr
165,-0.5267,Fri Mar 23 17:09:30 +0000 2018,0.152,0.848,0.0,@CBSNews,66,"UPDATE: Pres. Trump will sign omnibus spending bill at White House, after threatening to veto the measure on Friday… https://t.co/JbXfQf1N5O"
166,0.0,Fri Mar 23 17:02:27 +0000 2018,0.0,1.0,0.0,@CBSNews,67,"NEW: Pres. Trump expected to sign omnibus spending bill at 1 p.m. ET event, @MajorCBS confirms with congressional a… https://t.co/TgMO0v87i2"
167,-0.7003,Fri Mar 23 16:50:03 +0000 2018,0.244,0.756,0.0,@CBSNews,68,"One of the Austin bombing suspect's roommates was kept in custody until after the suspect died, the roommate's mom… https://t.co/NH4OSOcWFk"
168,0.4215,Fri Mar 23 16:30:01 +0000 2018,0.0,0.833,0.167,@CBSNews,69,"Las Vegas gunman Stephen Paddock showed ""true mark of a sociopath,"" retired police lieutenant says… https://t.co/5WauxgckGh"
169,-0.4588,Fri Mar 23 16:10:01 +0000 2018,0.211,0.789,0.0,@CBSNews,70,"U.S. drops charges against 7 of Turkish President Erdogan's guards who allegedly beat up protesters in Washington,… https://t.co/hEituBcBUC"
170,-0.6808,Fri Mar 23 15:50:02 +0000 2018,0.303,0.606,0.091,@CBSNews,71,"No foul play is suspected in the death of a St. Joseph's University freshman in Bermuda, pathologist says; the 19-y… https://t.co/6W7s62YtVj"
171,-0.2263,Fri Mar 23 15:30:02 +0000 2018,0.119,0.881,0.0,@CBSNews,72,How one tweet offering a home to young protesters coming to Washington started a movement: https://t.co/MagFNYF0pU https://t.co/gDQfwSw9XR
172,0.0,Fri Mar 23 15:10:02 +0000 2018,0.0,1.0,0.0,@CBSNews,73,"Prince Harry and Meghan Markle's official wedding invitations are in the mail, Kensington Palace says… https://t.co/Psl4hXezhr"
173,0.0,Fri Mar 23 15:07:27 +0000 2018,0.0,1.0,0.0,@CBSNews,74,ISIS is now claiming responsibility for the hostage situation in southern France. Police say a gunman was shot and… https://t.co/vnBHBopMbI
174,-0.1027,Fri Mar 23 14:54:46 +0000 2018,0.072,0.928,0.0,@CBSNews,75,"Hard numbers:
?? 3: POTUS has requested a 3-year extension of “trade promotion authority”
?? 160: South Korea wants… https://t.co/37HyDDlPM6"
175,0.0,Fri Mar 23 14:50:01 +0000 2018,0.0,1.0,0.0,@CBSNews,76,"Deputy Attorney General Rod Rosenstein announces indictment of Iranians for ""conspiring"" to hack U.S. entities… https://t.co/Hu4SbDMGpw"
176,-0.6597,Fri Mar 23 14:46:41 +0000 2018,0.248,0.63,0.122,@CBSNews,77,There are growing fears of a trade war between the U.S. and China. President Trump signed a measure to slap China w… https://t.co/85IQbRQhEN
177,-0.4215,Fri Mar 23 14:30:02 +0000 2018,0.141,0.859,0.0,@CBSNews,78,U.S. stocks regained their footing Friday morning after plunging on Thursday amid fears of a U.S.-China trade war… https://t.co/iicMraLmcX
178,-0.4404,Fri Mar 23 14:18:08 +0000 2018,0.17,0.83,0.0,@CBSNews,79,"RT @CBSThisMorning: Tomorrow, students will take the streets for #MarchforOurLives as they demand an end to school shootings and gun violen…"
179,0.0,Fri Mar 23 14:11:58 +0000 2018,0.0,1.0,0.0,@CBSNews,80,"MORE: France's Interior Ministry and police union confirm officers raided the grocery store in southern France, kil… https://t.co/GdI7D75XVD"
180,-0.6486,Fri Mar 23 13:59:54 +0000 2018,0.185,0.815,0.0,@CBSNews,81,"UPDATE: The man who took hostages in a French supermarket is dead, reports say. The French president says the incid… https://t.co/A8SnHrOsId"
181,0.0,Fri Mar 23 13:39:27 +0000 2018,0.0,1.0,0.0,@CBSNews,82,"""At this point in time, we will not provide any figures. The Paris public prosecutor will shortly provide developme… https://t.co/vB3OjeAqrS"
182,0.0,Fri Mar 23 13:35:38 +0000 2018,0.0,1.0,0.0,@CBSNews,83,WATCH LIVE: French President Macron addresses hostage situation in southern France https://t.co/LjIkIDkdTc https://t.co/c0lYPdCYS5
183,-0.6705,Fri Mar 23 13:27:00 +0000 2018,0.191,0.809,0.0,@CBSNews,84,"UPDATE: France's Interior Ministry confirms that two people were killed in the store in southern France, and the si… https://t.co/yelJy0aYPS"
184,-0.8316,Fri Mar 23 13:14:40 +0000 2018,0.386,0.614,0.0,@CBSNews,85,"MORE: President Trump's veto threat suddenly makes a government shutdown, which seemed to be a crisis averted early… https://t.co/KxTYAgLKh0"
185,-0.3182,Fri Mar 23 13:01:31 +0000 2018,0.103,0.897,0.0,@CBSNews,86,"NEW: President Trump says he is considering a veto of the omnibus spending bill, citing the lack of a DACA deal and… https://t.co/z1KxIgEosd"
186,-0.6705,Fri Mar 23 12:48:08 +0000 2018,0.17,0.83,0.0,@CBSNews,87,Yves Lefebvre of the French police union tells the AP that the gunman shot and killed 1 person as he entered the su… https://t.co/3PvBnovFGz
187,0.0,Fri Mar 23 12:45:52 +0000 2018,0.0,1.0,0.0,@CBSNews,88,"French Prime Minister Edouard Philippe says the information available suggests the incident in southern France ""see… https://t.co/TJ7oTahVUP"
188,0.0,Fri Mar 23 12:24:52 +0000 2018,0.0,1.0,0.0,@CBSNews,89,"NEW: President Trump has been informed of the situation in southern France, White House says https://t.co/LjIkIDkdTc https://t.co/Fa8CV3PEHk"
189,0.5023,Fri Mar 23 12:22:41 +0000 2018,0.0,0.86,0.14,@CBSNews,90,"Former FBI assistant director Ron Hosko: ""The key question at the front end is, is this a true hostage situation or… https://t.co/oBYtpYEfPK"
190,-0.296,Fri Mar 23 12:17:58 +0000 2018,0.109,0.891,0.0,@CBSNews,91,"The suspect is now still inside the supermarket in southern France with another man said to be a policeman,… https://t.co/gKmntCDsbX"
191,0.2617,Fri Mar 23 12:08:58 +0000 2018,0.0,0.915,0.085,@CBSNews,92,"At least one witness told French media that a man holding people in the store claimed he was loyal to ISIS, but pol… https://t.co/ZT0CuObvq6"
192,-0.6597,Fri Mar 23 12:05:15 +0000 2018,0.241,0.759,0.0,@CBSNews,93,Police say a suspect took people hostage inside a supermarket in southern France. At least one person is feared dea… https://t.co/zmCWnY4Iss
193,0.4019,Fri Mar 23 11:47:24 +0000 2018,0.0,0.881,0.119,@CBSNews,94,".@BBCNews is told there are special forces at the scene in southern France, an operation is ongoing, and that there… https://t.co/hnLVizhoBl"
194,0.0972,Fri Mar 23 11:39:45 +0000 2018,0.107,0.77,0.123,@CBSNews,95,Facebook Chief Operating Officer Sheryl Sandberg says she regrets the company did not do more to protect users’ per… https://t.co/ecZq9blL7Z
195,-0.34,Fri Mar 23 11:35:15 +0000 2018,0.118,0.882,0.0,@CBSNews,96,Newly-released surveillance video shows Las Vegas gunman Stephen Paddock in the days before he opened fire from his… https://t.co/vXRz3LsHhh
196,-0.3384,Fri Mar 23 11:32:53 +0000 2018,0.149,0.748,0.102,@CBSNews,97,"RT @CBSThisMorning: ""Defense Sec. Jim Mattis has to be feeling very alone right now. He's one of the lone moderates left at the table in th…"
197,0.0,Fri Mar 23 11:26:01 +0000 2018,0.0,1.0,0.0,@CBSNews,98,Police are surrounding a supermarket in southern France as a possible hostage-taking situation is reportedly taking… https://t.co/EfTPUJasCV
198,0.34,Fri Mar 23 11:20:01 +0000 2018,0.0,0.862,0.138,@CBSNews,99,Foreign policy hard-liner John Bolton's appointment as U.S. national security adviser comes at a particularly sensi… https://t.co/bazMS2qunm
199,-0.872,Fri Mar 23 11:18:28 +0000 2018,0.382,0.618,0.0,@CBSNews,100,"A massive fire ripped through the set of a movie in NYC, killing a firefighter and badly burning 2 others. It start… https://t.co/CXJsllIEyh"
200,0.5106,Sat Mar 24 07:01:07 +0000 2018,0.0,0.82,0.18,@CNN,1,This mom's tweet helped 500 students find free housing for March for Our Lives https://t.co/G87bku1lsf https://t.co/S33VYhu0oo
201,-0.0772,Sat Mar 24 06:46:02 +0000 2018,0.121,0.769,0.109,@CNN,2,A Tennessee man who was wrongfully imprisoned for 31 years and initially given $75 to start over has been awarded $… https://t.co/ZZ8u4tu9jg
202,-0.4767,Sat Mar 24 06:40:11 +0000 2018,0.14,0.86,0.0,@CNN,3,A French police officer who asked a gunman to let him take the place of a hostage in a supermarket attack has died.… https://t.co/XhbAin6Bi4
203,0.0,Sat Mar 24 06:31:07 +0000 2018,0.0,1.0,0.0,@CNN,4,This luxury cruise ship has been sliced in half https://t.co/txBALDZdzP (via @CNNStyle) https://t.co/aOaYk88cNs
204,-0.6597,Sat Mar 24 06:16:01 +0000 2018,0.227,0.773,0.0,@CNN,5,"Why you'll see a lot of ""evil eye"" gloves at the March For Our Lives https://t.co/de8vPVGiGa https://t.co/KmU0x6QREK"
205,0.0,Sat Mar 24 06:01:06 +0000 2018,0.0,1.0,0.0,@CNN,6,"""Black Panther"" is the the most-tweeted about movie of all time, Twitter says https://t.co/ZWh2YuqX4U https://t.co/rftmgnyVeR"
206,0.0,Sat Mar 24 05:46:36 +0000 2018,0.0,1.0,0.0,@CNN,7,An animatronic T .rex went up in flames at this dinosaur park in Colorado. The park says the blaze was caused by el… https://t.co/gSEG6n41R6
207,-0.2732,Sat Mar 24 05:31:07 +0000 2018,0.084,0.916,0.0,@CNN,8,About half of all plants and animals in 35 of the world's most biodiverse places are at risk of extinction due to c… https://t.co/0FtKh7imuD
208,0.2755,Sat Mar 24 05:16:00 +0000 2018,0.0,0.905,0.095,@CNN,9,This robotic fish is designed to swim near real aquatic creatures and spy on them without raising suspicions or dis… https://t.co/OttcHYIf2N
209,0.0,Sat Mar 24 05:01:05 +0000 2018,0.0,1.0,0.0,@CNN,10,"There has been, on average, 1 school shooting every week this year https://t.co/H5cOC5GHcs https://t.co/VtqwWCzMHV"
210,0.2846,Sat Mar 24 04:47:27 +0000 2018,0.15,0.634,0.216,@CNN,11,These New York police officers were outnumbered in this adorable snowball fight https://t.co/BOxryZ3vmA
211,0.0,Sat Mar 24 04:31:05 +0000 2018,0.0,1.0,0.0,@CNN,12,"K-pop group Red Velvet will be part of a group of South Korean pop stars who will be performing in Pyongyang, North… https://t.co/KUetUTpnKz"
212,0.0,Sat Mar 24 04:16:01 +0000 2018,0.0,1.0,0.0,@CNN,13,Elon Musk nonchalantly erased Tesla and SpaceX from Facebook https://t.co/qMDTGmYeVE https://t.co/gzNLaDAlAU
213,-0.7096,Sat Mar 24 04:08:06 +0000 2018,0.237,0.763,0.0,@CNN,14,"When a gunman killed 26 at her school, Lauren Milgram, then just 6, hid in a bathroom. Now, the 12-year-old is marc… https://t.co/ki9WVaTFdx"
214,-0.5574,Sat Mar 24 04:01:01 +0000 2018,0.167,0.833,0.0,@CNN,15,"Sudan, a northern white rhino and the last male of his subspecies, has died. Photographer @Amivee chronicled the fi… https://t.co/4sYmt1UnBA"
215,0.3182,Sat Mar 24 03:54:21 +0000 2018,0.0,0.881,0.119,@CNN,16,"North Korea accepts South Korea’s proposal to hold high-level talks on March 29, Seoul's Unification Ministry says… https://t.co/NklKxXah6N"
216,0.7096,Sat Mar 24 03:45:18 +0000 2018,0.087,0.642,0.272,@CNN,17,How much of a struggle is it for transgender or intersex individuals to find acceptance and love in modern-day Indi… https://t.co/tIuvh9nxQY
217,-0.1796,Sat Mar 24 03:36:03 +0000 2018,0.169,0.693,0.138,@CNN,18,The Trump era has been very good to Iraq War hawks | Analysis by CNN's Gregory Krieg https://t.co/V7rmQ91TcY https://t.co/bTKR2Vtt6C
218,0.128,Sat Mar 24 03:31:06 +0000 2018,0.0,0.919,0.081,@CNN,19,At least one investigation has been launched into how a senior adviser to Veterans Affairs Secretary David Shulkin… https://t.co/obTgPuXNkK
219,-0.5423,Sat Mar 24 03:16:04 +0000 2018,0.2,0.8,0.0,@CNN,20,"A video shows a fatal police shooting of an Illinois woman, and her family wants answers https://t.co/22G4LKFKj8"
220,0.0,Sat Mar 24 03:07:37 +0000 2018,0.0,1.0,0.0,@CNN,21,The 26 oddest lines from Donald Trump's totally bizarro omnibus signing announcement | Analysis by CNN's Chris Cill… https://t.co/a8gg0xIxix
221,0.0,Sat Mar 24 03:01:02 +0000 2018,0.115,0.769,0.115,@CNN,22,Exclusive: Inside the base that would oversee a US nuclear strike https://t.co/KIFZL3gMMz https://t.co/fpqL5PGdqW
222,0.0,Sat Mar 24 02:51:23 +0000 2018,0.0,1.0,0.0,@CNN,23,"Why I'm marching on Saturday ... in a wheelchair || Karina Vargas, who was shot outside her school in Colorado, wri… https://t.co/NlVwhhbu8C"
223,-0.5574,Sat Mar 24 02:46:03 +0000 2018,0.153,0.847,0.0,@CNN,24,"Five years on, Chinese doctor Zhang Qimao still simmers with rage over what happened to her when she reported a sex… https://t.co/adCpsQVwZg"
224,-0.5574,Sat Mar 24 02:37:07 +0000 2018,0.167,0.833,0.0,@CNN,25,RT @CNNTonight: The White House announces a policy to ban most transgender troops from serving in the military https://t.co/L8gejLhYc9 http…
225,0.743,Sat Mar 24 02:36:48 +0000 2018,0.0,0.76,0.24,@CNN,26,"RT @AC360: Former Cambridge Analytica staff say a super PAC run by John Bolton, President Trump's new national security adviser, used the c…"
226,-0.3818,Sat Mar 24 02:35:41 +0000 2018,0.14,0.86,0.0,@CNN,27,"With Lt. Gen H.R. McMaster's departure, the White House is losing a real warrior, writes @peterbergencnn via… https://t.co/dSVJ5WvKgM"
227,-0.2732,Sat Mar 24 02:30:18 +0000 2018,0.1,0.9,0.0,@CNN,28,The lawyer representing the porn star suing President Donald Trump called a tweet he posted of an apparent data dis… https://t.co/Y8bkEh0OmG
228,-0.5719,Sat Mar 24 02:16:07 +0000 2018,0.207,0.793,0.0,@CNN,29,"Former Deputy FBI Director Andrew McCabe is speaking out about his recent firing, saying the allegations of ""lack o… https://t.co/k2ORmOkeeH"
229,-0.2732,Sat Mar 24 02:09:35 +0000 2018,0.087,0.913,0.0,@CNN,30,Why build a bigger cruise ship when you can just cut one in half and add an extra 50 feet to the middle?… https://t.co/Gk41THywKV
230,0.0772,Sat Mar 24 02:01:42 +0000 2018,0.095,0.796,0.109,@CNN,31,"""Sometimes I forget that we are the high schoolers here."" Cameron Kasky and fellow Parkland survivors share exclusi… https://t.co/cwU8Q4iLzV"
231,0.128,Sat Mar 24 02:01:10 +0000 2018,0.096,0.742,0.162,@CNN,32,“What can we do to stop this from continuing?” Emma González and fellow Parkland survivors share exclusive video di… https://t.co/hcVuJPQ799
232,-0.0644,Sat Mar 24 01:59:55 +0000 2018,0.05,0.95,0.0,@CNN,33,"""It's going to be tough, but I'm going to get through this and I'm going to survive and it's going to be okay."" Ale… https://t.co/C0dbtrGRHH"
233,-0.765,Sat Mar 24 01:59:37 +0000 2018,0.248,0.752,0.0,@CNN,34,"“I'm in a lot of pain, and I've never been face with this kind of pain before.” Sam Fuentes and Parkland survivors… https://t.co/7YY0uHZpCf"
234,0.0,Sat Mar 24 01:54:36 +0000 2018,0.0,1.0,0.0,@CNN,35,The 29(!) major Trump headlines this week | Analysis by @CillizzaCNN https://t.co/tCcXmkv6L7 https://t.co/g6gfJ3Y88C
235,-0.5574,Sat Mar 24 01:41:03 +0000 2018,0.159,0.841,0.0,@CNN,36,JUST IN: The White House has announced a policy to ban most transgender persons from serving in the US military… https://t.co/uj1gqzgJJE
236,-0.0572,Sat Mar 24 01:37:50 +0000 2018,0.06,0.94,0.0,@CNN,37,"""I'm marching because I don't want this to happen to any other child and it really shouldn't have happened."" 12-yea… https://t.co/HHnpCQioMa"
237,0.743,Sat Mar 24 01:30:32 +0000 2018,0.0,0.717,0.283,@CNN,38,"Former Cambridge Analytica staff say a super PAC run by John Bolton, President Trump's new national security advise… https://t.co/Dyx0XhV9dh"
238,0.0,Sat Mar 24 01:25:51 +0000 2018,0.0,1.0,0.0,@CNN,39,"""I didn't ask for any of this. None of us asked to be put in this situation."" Emma González and fellow Parkland sur… https://t.co/ySLPQ9tlLT"
239,0.0,Sat Mar 24 01:21:46 +0000 2018,0.0,1.0,0.0,@CNN,40,"""I felt the heaviness of the bullet. I still didn't really believe that I got shot until I'd seen the wounds."" -Sam… https://t.co/mDK6PoIelm"
240,0.4767,Sat Mar 24 01:16:10 +0000 2018,0.065,0.779,0.156,@CNN,41,Gold Star father Khizr Khan wrote a personal appeal to the Supreme Court to strike down President Trump's travel ba… https://t.co/dH62kdUtzn
241,-0.34,Sat Mar 24 01:08:18 +0000 2018,0.194,0.806,0.0,@CNN,42,President Trump moves closer to banning bump fire stocks https://t.co/NYNvd93X9J https://t.co/v4s0YlWa2M
242,0.4019,Sat Mar 24 01:01:59 +0000 2018,0.0,0.764,0.236,@CNN,43,Parkland survivors share exclusive video diaries. Their stories NOW on CNN. https://t.co/jK5GTLr9qF #ParklandDiaries https://t.co/5CGN3fhwIp
243,0.4019,Sat Mar 24 00:51:05 +0000 2018,0.0,0.829,0.171,@CNN,44,“This is what I have to deal with right now.” Sam Fuentes and Parkland survivors share exclusive video diaries. The… https://t.co/RzsLF59uYI
244,0.0379,Sat Mar 24 00:50:26 +0000 2018,0.068,0.857,0.075,@CNN,45,"RT @AC360: Anderson Cooper: President Trump ""does not shy away from speaking his mind about even the most serious allegations against him,…"
245,0.0,Sat Mar 24 00:50:04 +0000 2018,0.0,1.0,0.0,@CNN,46,"Using cell phones, six Parkland survivors chronicled their lives in the weeks after the shooting. Their stories ton… https://t.co/cFgavh6mG1"
246,0.128,Sat Mar 24 00:41:06 +0000 2018,0.096,0.742,0.162,@CNN,47,“What can we do to stop this from continuing?” Emma González and fellow Parkland survivors share exclusive video di… https://t.co/ECbIl0JzdA
247,0.4019,Sat Mar 24 00:37:13 +0000 2018,0.0,0.821,0.179,@CNN,48,"“Still trying to get back to normal, whatever that is.” Samantha Grady and Parkland survivors share exclusive video… https://t.co/AFrFHftZcC"
248,0.0772,Sat Mar 24 00:36:49 +0000 2018,0.0,0.925,0.075,@CNN,49,Sydney's newest landmark is a mixed-use development called Central Park. The award-winning complex boasts one of th… https://t.co/TAXZmAhTpz
249,0.0,Sat Mar 24 00:36:31 +0000 2018,0.0,1.0,0.0,@CNN,50,"RT @AC360: Using cell phones, six Parkland survivors chronicled their lives in the weeks after the shooting. Their stories tonight, 9 p.m.…"
250,0.4019,Sat Mar 24 00:31:23 +0000 2018,0.0,0.812,0.188,@CNN,51,"Cameron Kasky and fellow Parkland survivors share exclusive video diaries. Their stories tonight, 9p ET on CNN… https://t.co/vFITbP5MBI"
251,-0.5994,Sat Mar 24 00:29:20 +0000 2018,0.151,0.849,0.0,@CNN,52,"March for Our Lives student organizers say the event takes on ""an issue of life and death. ... The mass shooting ep… https://t.co/7YyUdSrQlq"
252,0.0772,Sat Mar 24 00:25:06 +0000 2018,0.0,0.949,0.051,@CNN,53,"RT @OutFrontCNN: ""Everyone that I talk to in the White House just wishes that they had never had to address these stories at all, but it's…"
253,0.0,Sat Mar 24 00:21:15 +0000 2018,0.0,1.0,0.0,@CNN,54,"Using cell phones, six Parkland survivors chronicled their lives in the weeks after the shooting. Their stories ton… https://t.co/af1llgPsQh"
254,0.0,Sat Mar 24 00:13:10 +0000 2018,0.0,1.0,0.0,@CNN,55,"Chef José Andrés' ThinkFoodGroup and various DC restaurants started Food for Our Lives, a collaboration of business… https://t.co/p41ysZ5913"
255,0.0,Sat Mar 24 00:03:11 +0000 2018,0.0,1.0,0.0,@CNN,56,Cambridge Analytica says it's commissioning a third-party audit to prove that it deleted the trove of data about Fa… https://t.co/Oo9xRKkALD
256,0.0,Fri Mar 23 23:53:04 +0000 2018,0.0,1.0,0.0,@CNN,57,"Melania Trump rides solo to Air Force One, again https://t.co/xI0z6fJVKe https://t.co/uEjjLIsJJe"
257,-0.2023,Fri Mar 23 23:49:09 +0000 2018,0.168,0.697,0.135,@CNN,58,"RT @CNNMoney: Pando founder Sarah Lacy unpacks Facebook's ""crisis of confidence"" in this week's @ReliableSources podcast with CNN's @brians…"
258,0.34,Fri Mar 23 23:46:51 +0000 2018,0.0,0.876,0.124,@CNN,59,"John Bolton, President Trump's pick to be the next national security adviser, has a decade-long history of associat… https://t.co/GsqLWaQega"
259,0.3612,Fri Mar 23 23:39:30 +0000 2018,0.0,0.902,0.098,@CNN,60,"RT @CNNnewsroom: ""People are listening. People are hearing us, and we feel like we've been yelling from the bottom of a barrel for almost t…"
260,0.0,Fri Mar 23 23:38:15 +0000 2018,0.0,1.0,0.0,@CNN,61,"A liver transplant saves one teen, but his identical twin dies https://t.co/sqDNBovbt9 https://t.co/SFUOlXfpS2"
261,0.0,Fri Mar 23 23:29:47 +0000 2018,0.0,1.0,0.0,@CNN,62,"“I just know that I have to go back to continue to learn and work, even when our politicians won’t.” David Hogg and… https://t.co/0BkIPTNbJ5"
262,0.0,Fri Mar 23 23:25:46 +0000 2018,0.0,1.0,0.0,@CNN,63,Four things we learned about Mario Cuomo from Chris Cuomo https://t.co/X9biaNDUhO #AxeFiles https://t.co/CAyAHDxiUg
263,0.0,Fri Mar 23 23:21:00 +0000 2018,0.126,0.747,0.126,@CNN,64,911 calls capture the confusion when a false missile alert went out in Hawaii https://t.co/SPYmWPOPQg https://t.co/tOHRp353j4
264,0.5423,Fri Mar 23 23:10:59 +0000 2018,0.0,0.816,0.184,@CNN,65,"Taylor Swift voiced her support for Saturday's ""March for Our Lives"" in an Instagram post and said that she made a… https://t.co/rUq4HPJvrg"
265,-0.0516,Fri Mar 23 23:02:13 +0000 2018,0.106,0.796,0.097,@CNN,66,"Many of the Democrats who've been urging stricter gun control legislation will join throngs of students for the ""Ma… https://t.co/mxQjFKdFSy"
266,0.296,Fri Mar 23 22:51:03 +0000 2018,0.0,0.896,0.104,@CNN,67,"China may target American cherries, pistachios, sparkling wine and more than 120 other US goods with tariffs to ret… https://t.co/vg46Qs8uzw"
267,0.4019,Fri Mar 23 22:41:07 +0000 2018,0.0,0.829,0.171,@CNN,68,“Change is happening. I can see it on the horizon.” Alex Wind and fellow Parkland survivors share exclusive video d… https://t.co/hQwUCCj8YG
268,-0.6486,Fri Mar 23 22:31:06 +0000 2018,0.223,0.777,0.0,@CNN,69,"An Iowa family vacationing in Mexico was found dead inside their condominium, according to police… https://t.co/kE8QRiquuX"
269,-0.4215,Fri Mar 23 22:26:06 +0000 2018,0.123,0.877,0.0,@CNN,70,NFL star Michael Bennett was indicted in Houston on a charge of injury to the elderly in connection with an inciden… https://t.co/4MIuPMiP6H
270,0.7717,Fri Mar 23 22:21:03 +0000 2018,0.0,0.705,0.295,@CNN,71,First lady Melania Trump made public remarks at the State Department's International Women of Courage award ceremon… https://t.co/RzjFpXXh33
271,-0.0772,Fri Mar 23 22:21:01 +0000 2018,0.121,0.769,0.109,@CNN,72,A Tennessee man who was wrongfully imprisoned for 31 years and initially given $75 to start over has been awarded $… https://t.co/gnUXYLvD98
272,0.4019,Fri Mar 23 22:11:33 +0000 2018,0.0,0.85,0.15,@CNN,73,RT @AC360: “Change is happening. I can see it on the horizon.” Alex Wind and fellow Parkland survivors share exclusive video diaries with C…
273,-0.34,Fri Mar 23 22:11:04 +0000 2018,0.118,0.882,0.0,@CNN,74,"""Contrary to the NRA's current narrative, the path to sensible gun reform isn't a slippery slope, it's simply uncha… https://t.co/ueTcSlJS7s"
274,0.0,Fri Mar 23 22:01:06 +0000 2018,0.0,1.0,0.0,@CNN,75,Former President Jimmy Carter has been briefed by the White House on the situation in North Korea… https://t.co/hbuozgfGDB
275,0.0,Fri Mar 23 21:52:56 +0000 2018,0.0,1.0,0.0,@CNN,76,The real reasons Congress can't act on guns or immigration https://t.co/Zvna0DntVv https://t.co/LubyPW3xvN
276,0.0,Fri Mar 23 21:35:49 +0000 2018,0.0,1.0,0.0,@CNN,77,"“To us, this is not a partisan issue. It’s an issue of life or death,” says Alex Wind, a Parkland school shooting s… https://t.co/K0tPyzHKb1"
277,-0.9432,Fri Mar 23 21:20:07 +0000 2018,0.577,0.423,0.0,@CNN,78,A man has been arrested for allegedly threatening to assault and murder a congressman from Virginia… https://t.co/2zCfq5BD0E
278,-0.6597,Fri Mar 23 21:01:07 +0000 2018,0.227,0.773,0.0,@CNN,79,"Why you'll see a lot of ""evil eye"" gloves at the March For Our Lives https://t.co/WtpZqb9zQE https://t.co/AyNUF33YIp"
279,-0.7713,Fri Mar 23 20:50:08 +0000 2018,0.288,0.712,0.0,@CNN,80,"Parents of young children have reason to be watchful as the flu season ends. B strains, which can be more severe fo… https://t.co/JWXazt7zNl"
280,-0.0772,Fri Mar 23 20:40:05 +0000 2018,0.085,0.915,0.0,@CNN,81,Drew Barrymore shows she's sorry for dissing Jake Gyllenhaal with a literal sign of affection… https://t.co/USc2fh5gfb
281,-0.4404,Fri Mar 23 20:30:12 +0000 2018,0.139,0.861,0.0,@CNN,82,Bank of America Merrill Lynch doctored paperwork on 16 million orders to fool institutional clients into thinking s… https://t.co/OYh6bq5U5e
282,0.0,Fri Mar 23 20:20:09 +0000 2018,0.0,1.0,0.0,@CNN,83,Thousands of people marched in cities across Poland in demonstrations against plans to tighten the country's alread… https://t.co/7xfT5h1KC8
283,0.128,Fri Mar 23 20:10:38 +0000 2018,0.088,0.763,0.149,@CNN,84,"RT @AC360: “I feel worried, I feel angry.” Parkland survivors share exclusive video diaries with CNN. Their stories tonight, 9p ET on @CNN…"
284,0.4215,Fri Mar 23 20:10:04 +0000 2018,0.0,0.877,0.123,@CNN,85,The Chinese ambassador to the United States would not rule out his nation scaling back the purchase of US governmen… https://t.co/hWrJhLtgkZ
285,-0.8519,Fri Mar 23 20:07:50 +0000 2018,0.341,0.659,0.0,@CNN,86,RT @CNNMoney: Trade war fears sink stocks again: Dow closes down more than 400 points at lowest point since November. https://t.co/A9OlUXl3…
286,0.4404,Fri Mar 23 20:03:33 +0000 2018,0.0,0.847,0.153,@CNN,87,Apple is proposing 13 new emojis in an effort to better represent people with disabilities https://t.co/2RiAQPzhIt https://t.co/zp4lrF9v3O
287,-0.802,Fri Mar 23 19:50:35 +0000 2018,0.275,0.725,0.0,@CNN,88,"At least 13 people were killed and 35 others were injured Friday night in a car bombing in southern Afghanistan, a… https://t.co/8EZYFIRuUW"
288,0.0,Fri Mar 23 19:42:28 +0000 2018,0.0,1.0,0.0,@CNN,89,"""China is not afraid of and will not recoil from a trade war,"" China's embassy in Washington said in a statement… https://t.co/lTQZIyYykI"
289,0.4767,Fri Mar 23 19:30:13 +0000 2018,0.0,0.796,0.204,@CNN,90,Some student loan borrowers will get another chance to qualify for the Public Service Loan Forgiveness program… https://t.co/0Y6bgk27QX
290,-0.5106,Fri Mar 23 19:30:09 +0000 2018,0.268,0.732,0.0,@CNN,91,A timeline of DACA offers President Trump has rejected https://t.co/r3lYvNaM8H https://t.co/TKd8VSvjEr
291,0.0,Fri Mar 23 19:20:06 +0000 2018,0.0,1.0,0.0,@CNN,92,"A new chemical analysis of animal bones suggests that the Maya in the city of Ceibal kept big cats in captivity, an… https://t.co/R65QDFdpAP"
292,0.0,Fri Mar 23 19:10:06 +0000 2018,0.0,1.0,0.0,@CNN,93,"Dr. Ronny Jackson, the presidential physician who has served under three presidents, has been nominated for a promo… https://t.co/TkS68sf6Mb"
293,-0.6597,Fri Mar 23 19:00:09 +0000 2018,0.239,0.761,0.0,@CNN,94,A former cancer patient is now a doctor at the hospital that helped her survive https://t.co/K0Lmowc4PM https://t.co/EymrGr1EDT
294,0.5106,Fri Mar 23 18:50:02 +0000 2018,0.0,0.87,0.13,@CNN,95,"All around the US, Lyft is offering free rides to protestors who will participate in the March for Our Lives this w… https://t.co/iiZhgPHkqG"
295,0.128,Fri Mar 23 18:45:11 +0000 2018,0.0,0.923,0.077,@CNN,96,Veteran Washington attorney Joseph diGenova’s role as part of President Donald Trump’s legal team is still in quest… https://t.co/McCu9Y9S2f
296,0.5267,Fri Mar 23 18:40:05 +0000 2018,0.0,0.815,0.185,@CNN,97,George Clooney praises Parkland survivors in open letter ahead of March for Our Lives https://t.co/TuF7QXqvU5 https://t.co/TnaWh1jlVB
297,0.0,Fri Mar 23 18:30:20 +0000 2018,0.0,1.0,0.0,@CNN,98,Elon Musk just nonchalantly erased Tesla and SpaceX from Facebook https://t.co/EKDgqGlIS9 https://t.co/VsQgPpjELv
298,-0.6705,Fri Mar 23 18:20:06 +0000 2018,0.184,0.816,0.0,@CNN,99,"The man shot and killed by Sacramento police was turning his life around, his brother says.

Stephon Clark was shot… https://t.co/S5ib13fTFJ"
299,0.0,Fri Mar 23 18:10:06 +0000 2018,0.0,1.0,0.0,@CNN,100,Advertisers are turning up the heat on Facebook. At least three companies have pulled advertisements after a data s… https://t.co/9POKaJIWzq
300,0.1531,Sat Mar 24 07:05:00 +0000 2018,0.139,0.652,0.209,@FoxNews,1,".@PeteHegseth: ""If you want peace, your enemies have to believe that you're willing to wage war."" #Outnumbered https://t.co/nz0LXoAWBh"
301,0.7579,Sat Mar 24 07:00:01 +0000 2018,0.0,0.723,0.277,@FoxNews,2,".@KellyannePolls: ""You can show a great distinction b/w the left's view of foreign policy &amp; national security &amp; ter… https://t.co/toay10NIaD"
302,0.0,Sat Mar 24 06:45:00 +0000 2018,0.0,1.0,0.0,@FoxNews,3,.@seanspicer: “[The media] can’t cover [@POTUS’] accomplishments because it’s against everything that they believe.… https://t.co/YogaP1Wllf
303,0.8883,Sat Mar 24 06:34:00 +0000 2018,0.0,0.597,0.403,@FoxNews,4,".@POTUS: ""We'll have by far the most powerful nuclear force on earth... Hopefully - praise be to God - we don't eve… https://t.co/SgReib4i3D"
304,0.0,Sat Mar 24 06:18:00 +0000 2018,0.0,1.0,0.0,@FoxNews,5,"Yesterday at a press availability at The @WhiteHouse, President @realDonaldTrump directly addressed DACA recipients… https://t.co/m7Ch0pZVbX"
305,0.0,Sat Mar 24 06:14:00 +0000 2018,0.0,1.0,0.0,@FoxNews,6,".@RepChrisStewart: ""Why in the world are we going to push DACA down the road, down the road, down the road and not… https://t.co/WDfKGakMVU"
306,0.4019,Sat Mar 24 06:00:00 +0000 2018,0.0,0.876,0.124,@FoxNews,7,"Former Georgia Governor and U.S. Sen. Zell Miller, who famously crossed party lines when he was a Democrat to endor… https://t.co/kvvquqxTNG"
307,0.7003,Sat Mar 24 05:52:00 +0000 2018,0.0,0.655,0.345,@FoxNews,8,Marine Corps adopts new puppy mascot: 'He's a great puppy and new recruit' https://t.co/S7j3gyeurs
308,-0.628,Sat Mar 24 05:45:00 +0000 2018,0.228,0.772,0.0,@FoxNews,9,".@TaxFighterSteel: ""We have to overturn this bad law in California... This law is unconstitutional.""… https://t.co/cLI10gJUcO"
309,0.0,Sat Mar 24 05:34:00 +0000 2018,0.0,1.0,0.0,@FoxNews,10,".@mikepillsbury: ""I've known John Bolton since 1981. He's quite the insider."" https://t.co/UMPz2BK0Eo"
310,0.4019,Sat Mar 24 05:31:00 +0000 2018,0.0,0.87,0.13,@FoxNews,11,".@LindseyGrahamSC: ""The only reason Kim Jong Un is meeting with President Trump - Trump has convinced the Chinese a… https://t.co/FX1ziMb3uh"
311,-0.34,Sat Mar 24 05:15:00 +0000 2018,0.112,0.888,0.0,@FoxNews,12,".@mzhemingway: ""Not all students are going to say that the answer to a mass shooting is restrictive gun control mea… https://t.co/qRnrJOhr8l"
312,0.0,Sat Mar 24 05:00:00 +0000 2018,0.0,1.0,0.0,@FoxNews,13,"Actor George Clooney penned a letter to the students of Marjory Stoneman Douglas High School, telling them he was p… https://t.co/8oPxYGcP1X"
313,0.0,Sat Mar 24 04:35:00 +0000 2018,0.0,1.0,0.0,@FoxNews,14,.@ksorbs claims he was nixed from #ThunderCon over conservative political views https://t.co/ZK7VrazWhd https://t.co/CG5d52ugnM
314,-0.34,Sat Mar 24 04:15:00 +0000 2018,0.124,0.876,0.0,@FoxNews,15,'March for Our Lives' gun control rally to draw thousands across US: Everything you need to know https://t.co/QRKhLSJf83
315,0.0,Sat Mar 24 04:00:01 +0000 2018,0.0,1.0,0.0,@FoxNews,16,".@therealroseanne: Reboot will tackle healthcare, opioids and different cultures https://t.co/BzX6yTeYve https://t.co/r9HJSwc6yr"
316,0.3182,Sat Mar 24 03:55:16 +0000 2018,0.0,0.881,0.119,@FoxNews,17,".@KyleKashuv, Marjory Stoneman Douglas student: “We met with Democrats and Republicans alike, and we made sure that… https://t.co/AdDpEee5RL"
317,-0.4404,Sat Mar 24 03:40:39 +0000 2018,0.209,0.791,0.0,@FoxNews,18,"Ex-CIA chief John Brennan’s ‘unhinged,’ partisan attacks on #Trump raise eyebrows https://t.co/JCZhfXHZ6b"
318,-0.5574,Sat Mar 24 03:25:15 +0000 2018,0.184,0.816,0.0,@FoxNews,19,"On Friday, @NancyPelosi released a statement after President #Trump issued an order to ban transgender troops from… https://t.co/GZosfNSRHR"
319,0.0,Sat Mar 24 03:17:35 +0000 2018,0.0,1.0,0.0,@FoxNews,20,".@jasoninthehouse: “As a fiscal hawk, I could never have voted for that thing; it was an atrocity.” @foxnewsnight https://t.co/8XuCVwcLPS"
320,0.34,Sat Mar 24 03:07:03 +0000 2018,0.0,0.769,0.231,@FoxNews,21,Mister Rogers depicted on new honorary postage stamp https://t.co/sNYHEODgWf
321,-0.1779,Sat Mar 24 02:52:46 +0000 2018,0.228,0.585,0.187,@FoxNews,22,"World War II veteran, 98, presented with French Legion of Honor https://t.co/aer96zUUrK"
322,0.3818,Sat Mar 24 02:47:13 +0000 2018,0.0,0.809,0.191,@FoxNews,23,".@united gives passenger $10,000 travel credit to give up her seat https://t.co/srhWJzmuz6"
323,0.0,Sat Mar 24 02:43:39 +0000 2018,0.0,1.0,0.0,@FoxNews,24,Ruth Bader Ginsburg rules that hot dogs are sandwiches https://t.co/yBjDkpcSlL
324,0.6597,Sat Mar 24 02:36:25 +0000 2018,0.0,0.748,0.252,@FoxNews,25,Tennessee public schools might be required to display 'In God We Trust' motto for all to see https://t.co/pLeW61HmBQ
325,-0.4939,Sat Mar 24 02:32:29 +0000 2018,0.198,0.802,0.0,@FoxNews,26,"OPINION: Big Brother #Facebook helped get @BarackObama reelected, now they’re doing damage control https://t.co/wGbzBpg7Bx"
326,-0.2263,Sat Mar 24 02:28:55 +0000 2018,0.128,0.872,0.0,@FoxNews,27,.@marcthiessen: Stormy Daniels lawsuit -- Why conservative Christians are still sticking with Trump https://t.co/XKpXo3mgfk
327,-0.5106,Sat Mar 24 02:27:36 +0000 2018,0.142,0.858,0.0,@FoxNews,28,"Brandon Judd on Dem study on border protection: ""It makes me sick knowing that the taxpayers funded a report that i… https://t.co/gxtn0p2xvS"
328,-0.5106,Sat Mar 24 02:20:33 +0000 2018,0.148,0.852,0.0,@FoxNews,29,".@RepDaveBrat on spending bill: ""You can do the military and get the Goodlatte bill in...we failed on the premiere… https://t.co/xnyuW1i9f7"
329,0.4215,Sat Mar 24 02:14:56 +0000 2018,0.0,0.843,0.157,@FoxNews,30,"Attorney General Jeff Sessions: Trump, DOJ taking steps to make Americans safer after school shootings https://t.co/DS6YTcDEzu"
330,-0.836,Sat Mar 24 02:05:24 +0000 2018,0.497,0.503,0.0,@FoxNews,31,Virginia man arrested for reportedly threatening to shoot congressman and staffers https://t.co/h4FvR3hpHR
331,0.765,Sat Mar 24 01:58:58 +0000 2018,0.0,0.708,0.292,@FoxNews,32,.@AriFleischer on @POTUS’ picking @AmbJohnBolton as next national security adviser: “I love to hear the Democrats t… https://t.co/9ZyfBsH9ZN
332,-0.34,Sat Mar 24 01:53:40 +0000 2018,0.112,0.888,0.0,@FoxNews,33,".@KyleKashuv: ""I don't know why I wasn't chosen - maybe because I don't fall into the category of gun control, of b… https://t.co/tV8b9oGtKi"
333,-0.5574,Sat Mar 24 01:41:08 +0000 2018,0.194,0.806,0.0,@FoxNews,34,BREAKING: President #Trump issues order to ban transgender troops from service except in `limited circumstances' https://t.co/I5ZIkBcNHu
334,0.0,Sat Mar 24 01:28:59 +0000 2018,0.0,1.0,0.0,@FoxNews,35,.@seanspicer: “[The media] can’t cover [@POTUS’] accomplishments because it’s against everything that they believe.… https://t.co/eBZgs3BR0M
335,0.0,Sat Mar 24 01:14:59 +0000 2018,0.0,1.0,0.0,@FoxNews,36,.@USMC Marine's 2-year-old brother takes his place in girlfriend's prom photos https://t.co/BBmfPxqCgj
336,0.0,Sat Mar 24 01:11:43 +0000 2018,0.0,1.0,0.0,@FoxNews,37,"In a new op-ed, former FBI Deputy Director Andrew McCabe called out President @realDonaldTrump's administration for… https://t.co/UjCjCwstLO"
337,0.6249,Sat Mar 24 01:03:15 +0000 2018,0.0,0.806,0.194,@FoxNews,38,"Great Pacific Garbage Patch, floating 'island' of trash in ocean, is now twice the size of Texas https://t.co/RxqkBJyXJi"
338,0.4019,Sat Mar 24 00:55:19 +0000 2018,0.0,0.722,0.278,@FoxNews,39,"Help @NASA study 'Steve,' a newfound aurora type https://t.co/YV5YlegHwz"
339,-0.3182,Sat Mar 24 00:51:05 +0000 2018,0.126,0.874,0.0,@FoxNews,40,"A candlelight vigil is held for the victims of the serial bombings in Austin, Texas. https://t.co/7E2TuwJzqA (Court… https://t.co/dFMKMdTJxn"
340,0.0,Sat Mar 24 00:43:23 +0000 2018,0.0,1.0,0.0,@FoxNews,41,".@ChrisStirewalt: Budget 'Chaos' Has Become the Norm for the Past Decade
 https://t.co/X8WXyNRSzU"
341,-0.4588,Sat Mar 24 00:39:57 +0000 2018,0.188,0.812,0.0,@FoxNews,42,What are bump stocks? How they work and why @realDonaldTrump wants them banned https://t.co/k7WdeXVWHe
342,0.5859,Sat Mar 24 00:38:10 +0000 2018,0.0,0.789,0.211,@FoxNews,43,".@TuckerCarlson: ""We're told we need this bill because of national security. But how secure is a nation that has no… https://t.co/iZN9HvUMgI"
343,0.4995,Sat Mar 24 00:24:00 +0000 2018,0.0,0.867,0.133,@FoxNews,44,"RT @FoxNewsResearch: Mar 17-23
-Week in Numb3rs
•4/9: McMaster's departure date
•5: Package bombs exploded in Austin &amp; Schertz, TX over 19…"
344,-0.6249,Sat Mar 24 00:20:45 +0000 2018,0.267,0.627,0.106,@FoxNews,45,'Republicans Are Supposed to Be the Party of Restraint': Hurt Says Spending Bill Could Hurt GOP in Midterms https://t.co/6hG732buAC
345,-0.34,Sat Mar 24 00:09:32 +0000 2018,0.156,0.844,0.0,@FoxNews,46,Stormy Daniels' lawyer fires 'warning shot' with mysterious DVD he says 'contains evidence' https://t.co/dPP4OaBQgH
346,0.0,Sat Mar 24 00:02:59 +0000 2018,0.0,1.0,0.0,@FoxNews,47,.@JaniceDean on living with multiple sclerosis: “It is literally one of those things where I wake up in the morning… https://t.co/kYNUS0DH2F
347,0.4404,Fri Mar 23 23:54:42 +0000 2018,0.112,0.634,0.254,@FoxNews,48,"Fox News Meteorologist @JaniceDean shared her struggle with multiple sclerosis, and offered encouragement for those… https://t.co/lw1KQmJgRN"
348,0.0,Fri Mar 23 23:51:48 +0000 2018,0.0,1.0,0.0,@FoxNews,49,.@therealroseanne advises Jimmy Kimmel to 'zip that f---ing lip' about #Trump https://t.co/XSsIULEWP6
349,0.0,Fri Mar 23 23:41:06 +0000 2018,0.0,1.0,0.0,@FoxNews,50,Kansas water park and ex-exec facing 'involuntary manslaughter' charge over boy's decapitation https://t.co/oVJwhlgBd6
350,-0.4588,Fri Mar 23 23:29:16 +0000 2018,0.188,0.812,0.0,@FoxNews,51,What are bump stocks? How they work and why Trump wants them banned https://t.co/E86tlG9Y17
351,0.0,Fri Mar 23 23:23:09 +0000 2018,0.0,1.0,0.0,@FoxNews,52,.@CLewandowski_: “Why haven’t we been able to keep the government open for a multi-year period? This is astonishing… https://t.co/cz3oCkED12
352,0.0,Fri Mar 23 23:14:56 +0000 2018,0.0,1.0,0.0,@FoxNews,53,Andrew McCabe speaks out in scathing new editorial; Catherine Herridge reports. https://t.co/RI3YH2ul9s
353,0.0,Fri Mar 23 23:13:07 +0000 2018,0.0,1.0,0.0,@FoxNews,54,.@POTUS arrives in Florida. https://t.co/Y51qSggSpa
354,0.0,Fri Mar 23 23:07:14 +0000 2018,0.0,1.0,0.0,@FoxNews,55,Washington National Cathedral holds an interfaith prayer vigil ahead of Saturday's #MarchForOurLives rally.… https://t.co/BQYUP22BqK
355,-0.4019,Fri Mar 23 23:01:04 +0000 2018,0.124,0.876,0.0,@FoxNews,56,".@LeslieMarshall on China tariffs: ""We have had this trade deficit, we've had job loss...@POTUS said he was going t… https://t.co/eSxSFYvQFT"
356,-0.5267,Fri Mar 23 22:57:21 +0000 2018,0.167,0.833,0.0,@FoxNews,57,"Charles Hurt on China tariffs: ""In the 18 years since @BillClinton normalized trade relations with China, president… https://t.co/ZO8uoBk4Mt"
357,-0.5267,Fri Mar 23 22:50:58 +0000 2018,0.159,0.841,0.0,@FoxNews,58,"Charles Hurt on spending bill: ""Come November, if we're looking at a complete wipe out of Republican seats, I think… https://t.co/1wP1rpskoh"
358,0.34,Fri Mar 23 22:47:14 +0000 2018,0.0,0.769,0.231,@FoxNews,59,Mister Rogers depicted on new honorary postage stamp https://t.co/y0A26BxuhJ
359,0.0,Fri Mar 23 22:37:24 +0000 2018,0.0,1.0,0.0,@FoxNews,60,".@KyleKashuv on @TIME cover: ""I don't know why I wasn't chosen - maybe because I don't fall into the category of gu… https://t.co/BGRmHDL1uL"
360,0.0,Fri Mar 23 22:28:51 +0000 2018,0.0,1.0,0.0,@FoxNews,61,Peru names ambassador to Canada its new president after leader exits under corruption cloud https://t.co/9XwXalv96E
361,0.5574,Fri Mar 23 22:24:39 +0000 2018,0.071,0.647,0.282,@FoxNews,62,.@GovMikeHuckabee: 'Street Fighters' DiGenova &amp; Toensing Are Strong Addition to Trump's Legal Team https://t.co/wuNklG8ZLf
362,-0.8225,Fri Mar 23 22:21:12 +0000 2018,0.336,0.664,0.0,@FoxNews,63,"Python wraps around snake charmer's neck, nearly strangles him to death as crowd watches in horror https://t.co/DYHp4anQwd"
363,0.4168,Fri Mar 23 22:12:41 +0000 2018,0.0,0.844,0.156,@FoxNews,64,".@POTUS signs $1.3 trillion spending bill, despite earlier threat to veto. @johnrobertsFox has the story.… https://t.co/GSjTRaXJVY"
364,-0.4767,Fri Mar 23 22:09:01 +0000 2018,0.205,0.795,0.0,@FoxNews,65,Wall Street suffers following announcements about tariffs on imports from China. #SpecialReport… https://t.co/8BYfYje1tP
365,0.0,Fri Mar 23 22:05:26 +0000 2018,0.0,1.0,0.0,@FoxNews,66,".@LisaMarieBoothe brought her dog, Bella, onto #TheFive today in celebration of #NationalPuppyDay https://t.co/DreD7EDsCW"
366,-0.1027,Fri Mar 23 22:01:31 +0000 2018,0.08,0.92,0.0,@FoxNews,67,.@JesseBWatters Slams Spending Bill: 'Mexico's Not Going to Pay for the Wall &amp; Neither Are We' https://t.co/i5VUJaz8Jv
367,-0.4404,Fri Mar 23 21:48:38 +0000 2018,0.172,0.828,0.0,@FoxNews,68,"#Trump administration bans bump stocks, 'all devices' that turn 'legal' weapons into machine guns https://t.co/YJ3yUSMzaf"
368,0.0,Fri Mar 23 21:34:24 +0000 2018,0.0,1.0,0.0,@FoxNews,69,Pakistani program offers rehab for radicals https://t.co/ERVdcGKDv7
369,0.3182,Fri Mar 23 21:34:21 +0000 2018,0.0,0.777,0.223,@FoxNews,70,More veterans seek Trump's pardon for combat-zone convictions https://t.co/hCuRwRMOAW
370,-0.4588,Fri Mar 23 21:21:23 +0000 2018,0.225,0.678,0.097,@FoxNews,71,".@JesseBWatters on lack of border wall funding: ""This was a huge defeat for [@POTUS] on a signature issue. It's rea… https://t.co/qOfDElz0yF"
371,0.0,Fri Mar 23 21:19:40 +0000 2018,0.0,1.0,0.0,@FoxNews,72,"Moments ago, President @realDonaldTrump tweeted that the @TheJusticeDept ""will issue the rule banning bump stocks."" https://t.co/cbjaMtKccH"
372,0.0,Fri Mar 23 21:12:24 +0000 2018,0.0,1.0,0.0,@FoxNews,73,RT @FoxBusiness: NFL’s Patriots fly Parkland students on team plane to DC for #MarchForOurLives https://t.co/NsE4BbYnfA
373,0.0,Fri Mar 23 21:11:55 +0000 2018,0.0,1.0,0.0,@FoxNews,74,".@GeraldoRivera: ""Words are cheap...and this spending bill is expensive."" #TheFive  https://t.co/RuwOuaUBTw https://t.co/BpgqHut4Rv"
374,0.539,Fri Mar 23 21:06:31 +0000 2018,0.0,0.845,0.155,@FoxNews,75,".@RepKevinBrady: ""We should be looking every day at how we make our tax code more family friendly, more pro-growth,… https://t.co/6MVT7Q376u"
375,0.5994,Fri Mar 23 20:57:35 +0000 2018,0.0,0.786,0.214,@FoxNews,76,"Rafael Espinal: ""We have to make sure that our employees are not overworked, that they have the opportunities that… https://t.co/Gb68eVZUzT"
376,-0.4767,Fri Mar 23 20:53:15 +0000 2018,0.147,0.853,0.0,@FoxNews,77,".@RepKevinBrady: ""I think [@POTUS'] frustration is the same as ours which is, I think, this whole budget spending p… https://t.co/PyYhFJcyZm"
377,0.0,Fri Mar 23 20:49:43 +0000 2018,0.0,1.0,0.0,@FoxNews,78,Palm trees in Canada? It could happen in 'decades' https://t.co/UfId0NZ7sE
378,-0.9062,Fri Mar 23 20:44:09 +0000 2018,0.447,0.553,0.0,@FoxNews,79,"NYC firefighter killed in on-set blaze, 'Deadpool 2' stunt driver's death and other tragedies while filming https://t.co/Flrbzs03rb"
379,0.7003,Fri Mar 23 20:29:00 +0000 2018,0.0,0.655,0.345,@FoxNews,80,Marine Corps adopts new puppy mascot: 'He's a great puppy and new recruit' https://t.co/S7j3gxWT2S
380,0.4019,Fri Mar 23 20:23:00 +0000 2018,0.0,0.787,0.213,@FoxNews,81,How hackers could turn a 'smart city' into a house of cards https://t.co/YRLCwZnr98
381,0.0,Fri Mar 23 20:16:03 +0000 2018,0.0,1.0,0.0,@FoxNews,82,RT @FoxBusiness: #BreakingNews: The Dow Jones Industrial Average tumbles 425 points as China trade jitters persist. https://t.co/9fobUXyNbv…
382,-0.4215,Fri Mar 23 20:02:34 +0000 2018,0.203,0.797,0.0,@FoxNews,83,OPINION: ObamaCare's 8th birthday is an unhappy one for all Americans https://t.co/b4RCd0n2IT
383,0.0,Fri Mar 23 19:53:02 +0000 2018,0.0,1.0,0.0,@FoxNews,84,"Elon Musk yanks @SpaceX
and @Tesla's Facebook pages https://t.co/MhgfKpRz8l"
384,0.6486,Fri Mar 23 19:41:13 +0000 2018,0.0,0.71,0.29,@FoxNews,85,Pennsylvania school wants to arm students with rocks to protect them against active shooters https://t.co/BjuptCNttE
385,0.0,Fri Mar 23 19:27:50 +0000 2018,0.0,1.0,0.0,@FoxNews,86,Austin bombing probe prompts calls to permanently hire police chief https://t.co/odaiOcRdZv
386,-0.3182,Fri Mar 23 19:12:54 +0000 2018,0.173,0.827,0.0,@FoxNews,87,.@POTUS: Democrats 'Fought Every Single Inch of the Way' on DACA https://t.co/Lt8KTsUaID
387,0.0,Fri Mar 23 19:02:35 +0000 2018,0.0,1.0,0.0,@FoxNews,88,Roseanne Barr advises Jimmy Kimmel to 'zip that f---ing lip' about #Trump https://t.co/udQU6FEBog
388,0.0,Fri Mar 23 18:58:06 +0000 2018,0.0,1.0,0.0,@FoxNews,89,"Chris Swecker: ""The Clinton email investigation really was not a credible investigation."" @dailybriefing… https://t.co/4F8giu7Sp4"
389,0.0,Fri Mar 23 18:49:53 +0000 2018,0.0,1.0,0.0,@FoxNews,90,".@ChrisStirewalt on spending bill negotiation: ""You know who never gets a vote? My kids and their kids and the kids… https://t.co/gmqpqWFMb6"
390,-0.7579,Fri Mar 23 18:42:29 +0000 2018,0.351,0.649,0.0,@FoxNews,91,American family of four who went missing in Mexico found dead in condo https://t.co/LyEg0HPDZh
391,0.0,Fri Mar 23 18:41:14 +0000 2018,0.0,1.0,0.0,@FoxNews,92,"RT @EricShawnTV: 3 weeks ago, #TaylorForce's family &amp; #WestPoint classmates went door to door on Capitol Hill, asking #Senators to back #Ta…"
392,0.0,Fri Mar 23 18:33:00 +0000 2018,0.0,1.0,0.0,@FoxNews,93,".@RepChrisStewart: ""Why in the world are we going to push DACA down the road, down the road, down the road and not… https://t.co/qgqSSIwUPG"
393,0.0,Fri Mar 23 18:24:00 +0000 2018,0.0,1.0,0.0,@FoxNews,94,.@ksorbs claims he was nixed from #ThunderCon over conservative political views https://t.co/ZK7VrazWhd https://t.co/bnwmoDFELm
394,-0.3182,Fri Mar 23 18:23:09 +0000 2018,0.15,0.85,0.0,@FoxNews,95,"RT @FoxBusiness: .@elonmusk joins #deletefacebook boycott, removes SpaceX and Tesla pages from site https://t.co/Y6tmgu65hC"
395,0.8883,Fri Mar 23 18:18:00 +0000 2018,0.0,0.597,0.403,@FoxNews,96,".@POTUS: ""We'll have by far the most powerful nuclear force on earth... Hopefully - praise be to God - we don't eve… https://t.co/nnRcvwf7Yp"
396,-0.4588,Fri Mar 23 18:14:00 +0000 2018,0.158,0.842,0.0,@FoxNews,97,".@SecNielsen: ""It's unfortunate that Congress chose not to listen to the men and women of @DHSgov."" https://t.co/yoIaLrYFbY"
397,0.0,Fri Mar 23 18:02:40 +0000 2018,0.0,1.0,0.0,@FoxNews,98,"Moments ago at a press availability at The @WhiteHouse, President @realDonaldTrump directly addressed DACA recipien… https://t.co/5UQBkQAn7p"
398,0.0,Fri Mar 23 17:58:10 +0000 2018,0.0,1.0,0.0,@FoxNews,99,".@POTUS: ""The stock market's way up. When I came into office the stock market was from a different planet."" https://t.co/BWrIfpN4Cc"
399,0.2263,Fri Mar 23 17:58:00 +0000 2018,0.0,0.909,0.091,@FoxNews,100,"Secretary Mattis: ""In 1790, in George Washington's first annual address to Congress he stated: To be prepared for w… https://t.co/eyVVlqovgJ"
400,0.0,Sat Mar 24 07:02:01 +0000 2018,0.0,1.0,0.0,@nytimes,1,"RT @nytimesworld: He is routinely, if perhaps hyperbolically, compared to Napoleon Bonaparte or Louis XIV in the French press https://t.co/…"
401,0.6249,Sat Mar 24 06:45:11 +0000 2018,0.0,0.661,0.339,@nytimes,2,11 Great Titles Expiring From Netflix in April https://t.co/NHt0VhRzfG
402,0.1531,Sat Mar 24 06:28:01 +0000 2018,0.094,0.748,0.157,@nytimes,3,Citigroup will not do business with companies that allow certain kinds of gun sales. It is the first Wall Street ba… https://t.co/zRQ8m6XOL5
403,0.0,Sat Mar 24 06:08:45 +0000 2018,0.0,1.0,0.0,@nytimes,4,"A century before the dawn of the computer age, 27-year-old Ada Lovelace wrote the first computer program https://t.co/cNIy9nIELA"
404,0.3434,Sat Mar 24 05:49:35 +0000 2018,0.1,0.734,0.165,@nytimes,5,"Many counties, including rich ones, are aging and experiencing more deaths than births, without growth through immi… https://t.co/7Dj0qYsWHK"
405,-0.4215,Sat Mar 24 05:32:05 +0000 2018,0.141,0.859,0.0,@nytimes,6,"RT @KirkSemple: Landon Donovan, chief American provocateur in the bitter U.S.-Mexican soccer rivalry, emerges from a second retirement and,…"
406,0.0,Sat Mar 24 05:12:13 +0000 2018,0.0,1.0,0.0,@nytimes,7,A geneticist at Harvard Medical School has retrieved DNA from more than 900 ancient people. His findings trace the… https://t.co/aHfcYwPx3T
407,0.0,Sat Mar 24 04:55:49 +0000 2018,0.0,1.0,0.0,@nytimes,8,"Facebook's CEO Mark Zuckerberg spoke with our reporters about data privacy of users, Cambridge Analytica and the co… https://t.co/M8cy86bHo8"
408,0.2263,Sat Mar 24 04:53:26 +0000 2018,0.0,0.888,0.112,@nytimes,9,"President Trump approved new limits on transgender troops, but will let the Pentagon make exceptions
https://t.co/Omero7pq04"
409,0.4019,Sat Mar 24 04:39:15 +0000 2018,0.0,0.787,0.213,@nytimes,10,Trump Approves New Limits on Transgender Troops in the Military https://t.co/QbU2NftGFW
410,-0.5106,Sat Mar 24 04:21:01 +0000 2018,0.155,0.845,0.0,@nytimes,11,RT @nytopinion: In 2005 the Republican controlled Senate Foreign Relations Committee rejected John Bolton as President Bush's U.N. ambassad…
411,0.0,Sat Mar 24 04:02:03 +0000 2018,0.0,1.0,0.0,@nytimes,12,Why did this man kayak across the Atlantic Ocean 3 times? https://t.co/AVNoLa9s9U
412,0.34,Sat Mar 24 03:57:56 +0000 2018,0.0,0.854,0.146,@nytimes,13,How the Left and the Right Reacted to John Bolton as National Security Adviser https://t.co/1vMikv1PJa
413,-0.5574,Sat Mar 24 03:47:03 +0000 2018,0.194,0.746,0.06,@nytimes,14,"RT @nytclimate: The loss of sea ice is a bellwether of global warming, suggesting that climate change is not just something to worry about…"
414,0.0,Sat Mar 24 03:43:42 +0000 2018,0.0,1.0,0.0,@nytimes,15,Elon Musk Joins #DeleteFacebook With a Barrage of Tweets https://t.co/au3PLZQyTw
415,-0.6597,Sat Mar 24 03:34:16 +0000 2018,0.386,0.614,0.0,@nytimes,16,Vietnam '67: The Tragedy of Hubert Humphrey https://t.co/iZCCJ16XAc
416,0.6808,Sat Mar 24 03:32:02 +0000 2018,0.081,0.65,0.268,@nytimes,17,"Math “constitutes the language through which alone we can adequately express the great facts of the natural world,”… https://t.co/83Ug5Ql4Gh"
417,0.0,Sat Mar 24 03:17:04 +0000 2018,0.0,1.0,0.0,@nytimes,18,"RT @nytpolitics: In an NYT interview in 2002, John Bolton was asked about the Bush administration's stance on North Korea. He grabbed a nea…"
418,0.0258,Sat Mar 24 03:05:06 +0000 2018,0.164,0.667,0.169,@nytimes,19,RT @NYTSports: Kansas survived a late scare from Clemson to advance to the regional final.  https://t.co/WY4CDmv5t2
419,-0.3612,Sat Mar 24 03:02:03 +0000 2018,0.152,0.848,0.0,@nytimes,20,"“People say, write what you know, but it’s really, write about what obsesses you.” https://t.co/C2Yv7H5h2u"
420,0.5859,Sat Mar 24 02:47:03 +0000 2018,0.0,0.789,0.211,@nytimes,21,Here's how to create your own support system when you don't have a spouse or kids to fall back on https://t.co/vLckifnXWU
421,0.0,Sat Mar 24 02:32:02 +0000 2018,0.0,1.0,0.0,@nytimes,22,Can coffee rev up your workout? It may depend on your genes. https://t.co/ay3k3UI71Q
422,0.3612,Sat Mar 24 02:17:03 +0000 2018,0.0,0.898,0.102,@nytimes,23,"RT @julieturkewitz: “It’s going to look like millions and millions of people,” said Rebecca Schneid, 16, who is the editor of the newspaper…"
423,0.0,Sat Mar 24 02:02:15 +0000 2018,0.0,1.0,0.0,@nytimes,24,"""Hamilton,"" ""Frozen"" and many Broadway shows all rehearse in one building in New York City. We take you behind the… https://t.co/DnTc9rvb48"
424,-0.6486,Sat Mar 24 01:47:04 +0000 2018,0.185,0.815,0.0,@nytimes,25,4 members of an Iowa family who traveled to Mexico for vacation were found dead in a condominium. Officials said th… https://t.co/YRRZEYdRhT
425,0.8555,Sat Mar 24 01:32:04 +0000 2018,0.0,0.704,0.296,@nytimes,26,"Modern Love: ""I knew that when you find love, you jump in, almost involuntarily. You don’t sit on the edge negotiat… https://t.co/euo96xgH1a"
426,0.5994,Sat Mar 24 01:17:04 +0000 2018,0.0,0.83,0.17,@nytimes,27,"RT @NYTObits: H. Wayne Huizenga, the entrepreneur who expanded Blockbuster video and AutoNation into vast enterprises and owned three South…"
427,0.0,Sat Mar 24 01:02:04 +0000 2018,0.0,1.0,0.0,@nytimes,28,Evening Briefing: Here's what you need to know at the end of the day https://t.co/ixJlyCMrwZ
428,-0.0772,Sat Mar 24 00:47:03 +0000 2018,0.088,0.797,0.116,@nytimes,29,"If we want to stop global warming, global CO2 emissions need to fall. Last year, the world moved in the opposite di… https://t.co/dFTWVWzWyO"
429,-0.5106,Sat Mar 24 00:32:03 +0000 2018,0.185,0.815,0.0,@nytimes,30,Over 800 protests for stricter gun laws are planned for Saturday in the U.S. and in countries around the world https://t.co/I2huudbHlb
430,0.2023,Sat Mar 24 00:17:02 +0000 2018,0.122,0.694,0.184,@nytimes,31,"RT @nytopinion: The good thing about John Bolton, President Trump’s new national security adviser, is that he says what he thinks.The bad t…"
431,-0.3612,Sat Mar 24 00:02:04 +0000 2018,0.128,0.872,0.0,@nytimes,32,"Craigslist removed its personal ads, citing the recent passage of a bill aimed at fighting sex trafficking online https://t.co/DKMm4mmUw9"
432,0.0,Fri Mar 23 23:47:04 +0000 2018,0.0,1.0,0.0,@nytimes,33,"Season 6 of ""The Americans"" arrives on Wednesday. Here's where we left off. https://t.co/hyiJcU2MAF"
433,0.0,Fri Mar 23 23:32:02 +0000 2018,0.0,1.0,0.0,@nytimes,34,"In 1843, a 27-year-old Ada Lovelace imagined the modern-day, general-purpose computer. She is now recognized as the… https://t.co/w1Ei8Rf3HO"
434,-0.7351,Fri Mar 23 23:17:02 +0000 2018,0.228,0.772,0.0,@nytimes,35,RT @daiwaka: Here's an inside look at Uber's self-driving car ops in Phoenix before Sunday's fatal crash: the company moved from two people…
435,-0.6705,Fri Mar 23 23:02:04 +0000 2018,0.297,0.579,0.124,@nytimes,36,"""I Kill Giants"" is an intimate story about a troubled 12-year-old who’s on a mission to save her town https://t.co/pkNXqUF0Pa"
436,0.0,Fri Mar 23 22:47:01 +0000 2018,0.0,1.0,0.0,@nytimes,37,Evening Briefing: Here's what you need to know at the end of the day https://t.co/4opSmJxhMU
437,-0.4767,Fri Mar 23 22:32:06 +0000 2018,0.158,0.769,0.073,@nytimes,38,The U.S. and China are waging a cold war for global dominance in the tech industry. This week's tariffs duel height… https://t.co/5f4qMQCMoL
438,0.8126,Fri Mar 23 22:17:05 +0000 2018,0.0,0.72,0.28,@nytimes,39,"RT @ronlieber: Every year, I collect the best college application essays I can find about money, work, social class, wealth and/or its abse…"
439,-0.34,Fri Mar 23 22:02:03 +0000 2018,0.17,0.728,0.102,@nytimes,40,Internal documents show Uber’s self-driving car project wasn’t living up to expectations well before a fatal crash… https://t.co/I4O5nMqCRO
440,0.25,Fri Mar 23 21:47:09 +0000 2018,0.101,0.756,0.143,@nytimes,41,The Justice Dept. has proposed banning so-called bump stocks for guns. The move comes a day before nationwide gun c… https://t.co/JiNfNeAARl
441,0.0,Fri Mar 23 21:32:04 +0000 2018,0.0,1.0,0.0,@nytimes,42,"Elon Musk joined #DeleteFacebook by deleting the Facebook pages of 2 of his companies, Tesla and SpaceX https://t.co/BJYpNw6JWG"
442,-0.2023,Fri Mar 23 21:14:00 +0000 2018,0.197,0.684,0.12,@nytimes,43,Women have spoken. Men have fallen. Corporations are nervous. But are American workplaces making real progress in c… https://t.co/Q5FipZZsCD
443,0.0,Fri Mar 23 21:03:05 +0000 2018,0.0,1.0,0.0,@nytimes,44,RT @jodikantor: I've spent the last couple of weeks bearing down on what's changing-- and what's really stuck-- about how we deal with sexu…
444,0.0,Fri Mar 23 20:50:52 +0000 2018,0.0,1.0,0.0,@nytimes,45,"Sofie Whitney, a senior at Stoneman Douglas, and the other organizers of the March for Our Lives, have concrete aim… https://t.co/yoHFhn3YUx"
445,-0.6705,Fri Mar 23 20:47:00 +0000 2018,0.184,0.816,0.0,@nytimes,46,"Reema Samaha was 18 when she was killed in the 2007 shooting at Virginia Tech University. Her father, Joseph, says… https://t.co/BDD9YIUKYJ"
446,-0.6705,Fri Mar 23 20:44:13 +0000 2018,0.17,0.83,0.0,@nytimes,47,Cody Thunder was 15 in 2005 when a classmate killed 5 students at Red Lake Senior High School. He was shot in the h… https://t.co/31wbbmiwRF
447,-0.6705,Fri Mar 23 20:40:00 +0000 2018,0.191,0.809,0.0,@nytimes,48,"Jolanda Arnold will be marching in Washington on Saturday, the city where her husband, Michael, was killed in a 201… https://t.co/pfKJqIel21"
448,0.5106,Fri Mar 23 20:36:57 +0000 2018,0.0,0.837,0.163,@nytimes,49,"Melissa Strassner survived the school shooting at Columbine High School. 

“Since Parkland, my boxing gloves are ba… https://t.co/0LJBcVeuPI"
449,-0.1531,Fri Mar 23 20:35:04 +0000 2018,0.071,0.929,0.0,@nytimes,50,We spoke to survivors of mass shootings and others affected by them. They say the students in Parkland have given t… https://t.co/XaLG3oJq46
450,0.5584,Fri Mar 23 20:15:06 +0000 2018,0.0,0.752,0.248,@nytimes,51,"Rebuffing Trump, Congress saved the NEA and NEH again. In fact, both endowments slightly increased. https://t.co/y1XActfG6l"
451,0.0,Fri Mar 23 20:00:14 +0000 2018,0.0,1.0,0.0,@nytimes,52,"A century before the dawn of the computer age, 27-year-old Ada Lovelace wrote the first computer program https://t.co/GXSMzGTbjx"
452,-0.4767,Fri Mar 23 19:45:17 +0000 2018,0.129,0.871,0.0,@nytimes,53,"Even when children grow up next to each other with parents who earn similar incomes, black boys fare worse than whi… https://t.co/FCQrjZEJNM"
453,0.5859,Fri Mar 23 19:30:13 +0000 2018,0.0,0.84,0.16,@nytimes,54,Vladimir Putin was elected to a fourth term on Sunday. What percentage of the vote did he win? Take our quiz. https://t.co/czSrm4X5WN
454,-0.3818,Fri Mar 23 19:19:04 +0000 2018,0.157,0.843,0.0,@nytimes,55,"In a tit-for-tat trade battle with the U.S., China’s response has so far been restrained https://t.co/mXuGUssWn3"
455,0.3434,Fri Mar 23 19:04:28 +0000 2018,0.1,0.734,0.165,@nytimes,56,"Many counties, including rich ones, are aging and experiencing more deaths than births, without growth through immi… https://t.co/VmkEWGa92M"
456,-0.7096,Fri Mar 23 18:45:09 +0000 2018,0.282,0.718,0.0,@nytimes,57,"After another week of chaos, Trump heads to Palm Beach. No one knows what comes next. https://t.co/CUGY3gwPpC"
457,-0.4588,Fri Mar 23 18:35:00 +0000 2018,0.188,0.812,0.0,@nytimes,58,"@nytopinion @NickKristof In @NYTOpinion, 

Op-Ed Columnist @NickKristof writes, ""To finally defeat extreme poverty,… https://t.co/pWs1bIBEjC"
458,-0.1027,Fri Mar 23 18:30:06 +0000 2018,0.069,0.931,0.0,@nytimes,59,We've been following your discussions on racial and religious bias in news coverage. Our journalists are open to yo… https://t.co/hUYXo9q3sa
459,-0.743,Fri Mar 23 18:20:05 +0000 2018,0.283,0.717,0.0,@nytimes,60,A 16-year-old girl critically injured in a shooting at a Maryland high school died after being taken off life suppo… https://t.co/mEOh5bSuoy
460,-0.743,Fri Mar 23 18:05:03 +0000 2018,0.296,0.704,0.0,@nytimes,61,"In @NYTOpinion, 

Op-Ed Columnist @NickKristof writes, ""To finally defeat extreme poverty, we have to tackle confli… https://t.co/0ayeiQDH46"
461,0.6369,Fri Mar 23 17:50:10 +0000 2018,0.0,0.781,0.219,@nytimes,62,"Modern Love: If I couldn’t find Mr. Right, what about Mr. Quasi-Right augmented by a few others? https://t.co/kMfq4a68mR"
462,-0.5267,Fri Mar 23 17:35:43 +0000 2018,0.167,0.833,0.0,@nytimes,63,"Breaking News: President Trump signed the spending bill, averting a shutdown, hours after threatening to veto it. B… https://t.co/IGRRQcvIXZ"
463,-0.6369,Fri Mar 23 17:25:27 +0000 2018,0.189,0.811,0.0,@nytimes,64,"The Sacramento Kings owner expressed his “deepest sympathies” to the family of Stephon Clark, who was fatally shot… https://t.co/6ILZMJITR4"
464,0.0,Fri Mar 23 17:10:09 +0000 2018,0.0,1.0,0.0,@nytimes,65,"Iraq: 7 minutes
Jordan: 9 minutes
Romania: 12 minutes
Norway: 46 minutes
Afghanistan: 47 minutes
Sweden: 51 minutes
https://t.co/5FZtVaJwbS"
465,-0.8934,Fri Mar 23 16:55:08 +0000 2018,0.386,0.614,0.0,@nytimes,66,Anger over the murders of a reporter and his fiancée forced Slovakia's prime minister and other officials to step d… https://t.co/c0sovP7t5F
466,-0.34,Fri Mar 23 16:42:18 +0000 2018,0.112,0.888,0.0,@nytimes,67,"In the 6 months since Harvey, The New York Times followed several families as they struggled to rebuild their lives… https://t.co/z5tbaUGWJj"
467,0.0,Fri Mar 23 16:40:07 +0000 2018,0.0,1.0,0.0,@nytimes,68,A new economy has arisen in the suburbs of Houston battered by Hurricane Harvey: the buying and selling of flooded… https://t.co/WO68ktL3aX
468,0.4215,Fri Mar 23 16:24:40 +0000 2018,0.0,0.833,0.167,@nytimes,69,"Around every corner and in every elevator, you’ll find established and burgeoning talent https://t.co/6hTuQzdPgD https://t.co/UqgFNEv9Pc"
469,0.0,Fri Mar 23 16:23:46 +0000 2018,0.0,1.0,0.0,@nytimes,70,And watched Aaron Burr practice in the room where it happens https://t.co/6hTuQzdPgD https://t.co/iGplOjFPWW
470,0.0,Fri Mar 23 16:22:14 +0000 2018,0.0,1.0,0.0,@nytimes,71,We met Elsa and Anna as they took a break for homework https://t.co/6hTuQzdPgD https://t.co/G9HguVLA8G
471,0.4588,Fri Mar 23 16:20:15 +0000 2018,0.0,0.85,0.15,@nytimes,72,"Welcome to the New 42nd Street Studios, where some of Broadway’s biggest shows — including “Frozen” and “Hamilton”… https://t.co/jOqoqf30CT"
472,-0.6705,Fri Mar 23 16:10:13 +0000 2018,0.176,0.824,0.0,@nytimes,73,"An armed man who killed 3 people in a supermarket in France, claiming to be acting on behalf of ISIS, was shot dead… https://t.co/sG7DPvbvNy"
473,0.0,Fri Mar 23 15:55:06 +0000 2018,0.0,1.0,0.0,@nytimes,74,Make Mark Bittman's spaghetti pie https://t.co/Fhdf0K8Pxa https://t.co/8Dbk2jAgSI
474,0.34,Fri Mar 23 15:40:06 +0000 2018,0.0,0.876,0.124,@nytimes,75,"A PAC led by John Bolton, the next national security adviser, hired Cambridge Analytica for voter profiling, knowin… https://t.co/bGnWNkattz"
475,0.3182,Fri Mar 23 15:25:34 +0000 2018,0.0,0.859,0.141,@nytimes,76,"40% of Americans were obese in 2015 and 2016, a sharp increase from a decade earlier https://t.co/v3o9efVw4n"
476,-0.296,Fri Mar 23 15:11:43 +0000 2018,0.196,0.804,0.0,@nytimes,77,RT @karenyourish: All the major Trump firings and resignations: https://t.co/I6fxKB6cLA
477,-0.5106,Fri Mar 23 15:00:08 +0000 2018,0.185,0.815,0.0,@nytimes,78,Over 800 protests for stricter gun laws are planned for Saturday in the U.S. and in countries around the world https://t.co/O1xXOykGfJ
478,0.3832,Fri Mar 23 14:45:02 +0000 2018,0.088,0.701,0.21,@nytimes,79,John Bolton's ascension to national security adviser creates the most aggressive foreign policy team around the Ame… https://t.co/GuRHYWI7QW
479,0.0,Fri Mar 23 14:31:04 +0000 2018,0.0,1.0,0.0,@nytimes,80,Blue passports were meant to be a symbol of post-Brexit Britain. They're coming — but they'll be coming from France. https://t.co/UEHSqF3Wod
480,0.3612,Fri Mar 23 14:15:09 +0000 2018,0.0,0.737,0.263,@nytimes,81,10 new books we recommend this week https://t.co/95z0PxQkho
481,0.0,Fri Mar 23 13:59:03 +0000 2018,0.0,1.0,0.0,@nytimes,82,"John Bolton's political committee was one of the earliest customers of Cambridge Analytica, which it hired specific… https://t.co/uuD7rKh4EI"
482,0.7096,Fri Mar 23 13:45:04 +0000 2018,0.0,0.742,0.258,@nytimes,83,"RT @nytimesworld: Intellectual property, which underpins technology and innovation, has become the latest point of contention in global tra…"
483,-0.5267,Fri Mar 23 13:30:15 +0000 2018,0.167,0.833,0.0,@nytimes,84,Breaking News: President Trump said he may veto the spending bill because it neglected his immigration priorities.… https://t.co/qWxvnylMZg
484,0.0,Fri Mar 23 13:29:04 +0000 2018,0.0,1.0,0.0,@nytimes,85,"""This is just what America needs: The thrilla in vanilla,"" Seth Meyers said. Our late-night roundup: https://t.co/VCswTaUg9Q"
485,-0.34,Fri Mar 23 13:08:42 +0000 2018,0.107,0.893,0.0,@nytimes,86,"Breaking News: An armed man opened fire and took hostages in a supermarket in France, claiming to be acting on beha… https://t.co/29pCnZYCbv"
486,0.0,Fri Mar 23 13:00:31 +0000 2018,0.0,1.0,0.0,@nytimes,87,Morning Briefing: Here's what you need to know to start your day https://t.co/yJwtr8lLUt https://t.co/nn0hbhEVq8
487,0.0,Fri Mar 23 12:51:19 +0000 2018,0.0,1.0,0.0,@nytimes,88,"""Hamilton,"" ""Frozen"" and many Broadway shows all rehearse in one building in New York City. We take you behind the… https://t.co/KM7CVBp62M"
488,-0.836,Fri Mar 23 12:41:03 +0000 2018,0.357,0.643,0.0,@nytimes,89,A firefighter was killed and two others were seriously injured by a blaze at a Harlem building being used as a movi… https://t.co/Rgr6LDzv1c
489,-0.6908,Fri Mar 23 12:35:00 +0000 2018,0.198,0.802,0.0,@nytimes,90,"""All of the information we have at the moment suggests that this is a terrorist attack,"" the French prime minister… https://t.co/U8vxwaymSY"
490,-0.5994,Fri Mar 23 12:30:02 +0000 2018,0.329,0.549,0.122,@nytimes,91,European leaders issued a relatively tough statement effectively blaming Moscow for the nerve agent attack on a for… https://t.co/CQsSK3XD8b
491,0.0,Fri Mar 23 12:20:05 +0000 2018,0.0,1.0,0.0,@nytimes,92,"In an NYT interview in 2002, John Bolton was asked about the Bush administration's stance on North Korea. He grabbe… https://t.co/ztoVgBJmcV"
492,-0.3612,Fri Mar 23 12:11:01 +0000 2018,0.16,0.751,0.089,@nytimes,93,"Your daily @DealBook Briefing:

• China is threatening tariffs on $3 billion worth of U.S. goods.

• Congress passe… https://t.co/ZTGrG4LzdH"
493,-0.5574,Fri Mar 23 11:58:45 +0000 2018,0.159,0.841,0.0,@nytimes,94,"A police operation is underway in Trèbes, in the southwest of France, after reports that a gunman had fired shots a… https://t.co/eAF5r3ecB5"
494,0.0,Fri Mar 23 11:46:04 +0000 2018,0.0,1.0,0.0,@nytimes,95,"The Austin bombings have stoked the raw racial, economic, political and geographical divisions that continue to sha… https://t.co/nmrUhKFJ5Z"
495,-0.7579,Fri Mar 23 11:30:09 +0000 2018,0.265,0.735,0.0,@nytimes,96,"More than 150 whales became stranded on a Western Australia beach, officials said. Poor weather and the threat of f… https://t.co/iBCBfAlfG4"
496,-0.2732,Fri Mar 23 11:20:02 +0000 2018,0.18,0.691,0.129,@nytimes,97,A brewing trade war between China and the United States sent markets reeling across Asia and Europe https://t.co/ZO5WHlNkar
497,0.6369,Fri Mar 23 11:10:06 +0000 2018,0.0,0.826,0.174,@nytimes,98,"For decades, Americans have believed that the best way to end racial inequality is to end class inequality. But a l… https://t.co/hAjMjkpJ2c"
498,-0.5574,Fri Mar 23 11:00:08 +0000 2018,0.167,0.833,0.0,@nytimes,99,"A firefighter died after responding to a blaze at a building in Harlem that was being used for the film ""Motherless… https://t.co/WKQL7uqp6a"
499,-0.0772,Fri Mar 23 10:50:04 +0000 2018,0.109,0.796,0.095,@nytimes,100,"China announced that it would impose tariffs on $3 billion worth of American-produced goods, hours after President… https://t.co/5BcgZoFWz3"
